Name;Email;Phone;Address;City;Registration Date;Total Spent;Country
Oscar Nilsson;nilsson_oscar@hotmail.com;+49 014-294019;224 Highway;Berlin;16.01.2021;"5;204.00 SEK";Germany
Hugo Smith;hugo-smith @ company.co;+41 7034824771;123 Park Ave;geneva ;2023-05-21;"SEK 1;548.17";Switzerland
Liam Johansson;liam-johansson@company.co;+66 022-9014;227 Elm Street;Bangkok;06.08.2024;"5;274.07";Thailand
Noah Larsson;noahlarsson@bizmail..net;+33 322-88985;185 Highway;Lyon;20/12/2022;"€ 6;107.77";France
Nils Smith;nils-smith @ company.co;+27 889-3734670;208 Park Ave;cape  town;"Jan 02; 2023";"280;75 EUR";South Africa
Olivia Olsson;olivia-olsson@bizmail.net;(0049)757494902;190 Highway;Berlin;05/08/24;"€ 4;404.22";Germany
Olivia Brown;olivia-brown@hotmail.com;+5512661094;227 King St;Rio-de-Janeiro;17-Sep-24;"9;888;82";Brazil
Oscar Williams;williams_oscar@yahoo..com;(0039)9176936763;55 King St;Milan;"Jan 28; 2021";"8;484.88 EUR";Italy
Nils Jones;nils.jones @ company.co;+81 254-5738;232 Oak Road;OSAKA.;2024-06-06;"1;651.90";Japan
Oscar Persson;oscarpersson@company.co;+4905943897;63 King St;Munich;18-Mar-22;"2;968;48 $";Germany
Sophia Svensson;svensson_sophia@company.co;+81-236687887;43 Highway;Osaka; 10.01.2022 ;"3;623.48 €";Japan
Noah Johnson;johnson_noah@outlook.com;+33982274954;75 Main St;Paris.;22/11/2021;"2;020.60";France
Klara Jones;klara-jones @ company.co;+158238687;149 Park Ave;LOS ANGELES;02/24/24;"€ 3;807.73";USA
Ella Svensson;ELLA-SVENSSON@HOTMAIL.COM;781376742 +33;213 Baker St;Paris;"Aug 29; 2025";"670;50";France
Klara Johnson;klara-johnson@hotmail.com;(+39)95590599;253 Highway;Milan;"Nov 27; 2020";"3;324.02";Italy
Leo Persson;persson_leo@bizmail..net;(+66)78681447;252 Baker St;bangkok;2023-04-17;"USD 9;675;94";Thailand
Oscar Olsson;oscar-olsson@yahoo.com;+27 8272359;32 King St;Johannesburg ;18.01.2025;"2;528;19";South Africa
Ethan Brown;ETHAN.BROWN@GMAIL.COM;(+66)6974995641;9 Park Ave;Chiang Mai;09/06/2024;"6;264.33";Thailand
Lucas Andersson;lucasandersson@yahoo.com;(+66)64647154;101 Elm Street;bangkok;10-Apr-24;"EUR 3;302.12";Thailand
Leo Larsson;leo-larsson@bizmail.net;+55 120-092820;233 Highway;Rio de Janeiro;26-Jan-22;"2;725.56 $";Brazil
Olivia Andersson;andersson_olivia@yahoo..com;+81 996-6734595;120 King St;Osaka;13-Jan-24;"USD 1;648.62";Japan
Ava Larsson;LARSSON_AVA@OUTLOOK.COM;+46 140-369656;89 Elm Street;göteborg;19/02/2023;8 728 63;Sweden
Ethan Brown;ethanbrown@hotmail.com;+49874016400;135 Baker St;Munich ;30.09.2025;"SEK 5;460;45";Germany
Sophia Andersson;sophia.andersson@company.co;+55 738-347359;196 Highway;Sao Paulo; 07/28/21 ;"4;811.10";Brazil
Liam Smith;liam.smith @ outlook.com;+33-6014672384;64 Elm Street;PARIS;"Oct 02; 2021";"5;471.34 EUR";France
Olivia Smith;olivia.smith@outlook.com;03036625 +46;197 Park Ave;Göteborg;2022-01-20;"2;825;32 $";Sweden
Ella Johnson;ellajohnson@yahoo.com;+4658323024;195 Park Ave;Stockholm;02/21/22;6 612.48 SEK;Sweden
Emma Larsson;EMMA.LARSSON@HOTMAIL.COM;+46-094353344;61 Oak Road;göteborg;15/05/2021;"€ 5;498.16";Sweden
Leo Nilsson;nilsson_leo@outlook..com;+41-1675677002;85 Elm Street;Geneva;27.12.2023;"5;542.30 SEK";Switzerland
Ethan Brown;ethanbrown@hotmail.com;+49874016400;135 Baker St;Munich ;30.09.2025;"SEK 5;460;45";Germany
Ella Johansson;johansson_ella@outlook.com;(+81)979270335;58 Park Ave;tokyo; 05/24/25 ;"6;941.01 $";Japan
Ella Brown;ellabrown @ outlook.com;+55 700766177;76 Main St;sao paulo;"Dec 07; 2022";"4;542.62";Brazil
Isabella Pettersson;isabellapettersson @ gmail.com;+39 571617688;67 Oak Road;rome;12-Dec-24;"5;329.37";Italy
Leo Brown;brown_leo@company.co;+553711624;76 Elm Street;rio de janeiro.;"Aug 15; 2024";"EUR 4;744.31";Brazil
Alma Johnson;alma-johnson@bizmail.net;+81 70289517;74 Elm Street;Tokyo;05-Sep-24;"8;519.14 SEK";Japan
Olivia Johansson;olivia-johansson@gmail.com;+55 145-65328;220 Elm Street;Sao Paulo;08/15/24;"4;431;36";Brazil
Sophia Andersson;sophia.andersson@company.co;+55 738-347359;196 Highway;Sao Paulo; 07/28/21 ;"4;811.10";Brazil
Liam Andersson;liam.andersson@gmail.com;68277880027;98 King St;Cape Town;02.03.2022;"9;205.38";South Africa
Olivia Andersson;oliviaandersson @ bizmail.net;+81-4742312209;119 Highway;Tokyo;21/06/2023;"6;051.07 USD";Japan
Emma Karlsson;emmakarlsson @ gmail.com;+275183473;293 Highway;Cape Town;04.05.2021;"$ 4;241.55";South Africa
Erik Williams;erikwilliams@gmail.com;9852401322 +49;67 Main St;Munich; 16-Jan-25 ;"1;087.10";Germany
Ella Larsson;ELLALARSSON@OUTLOOK.COM;(+66)281685054;249 Baker St;Bangkok;28.10.2023;387.10;Thailand
Oscar Johnson;oscar-johnson@outlook..com;+55 9056965917;255 Highway;Sao Paulo;29/03/2023;8 474.87;Brazil
Nils Svensson;NILS.SVENSSON@BIZMAIL.NET;9876351 +39;154 Elm Street;Milan;08-Sep-23;"5;480.15";Italy
Klara Williams;KLARA.WILLIAMS@OUTLOOK.COM;(0046)549180172;214 Park Ave;Göteborg;04/17/24;"9;181;94";Sweden
Sophia Smith;sophia-smith @ outlook.com;+2791725135;46 King St;Cape Town;14/04/2022;"$ 687;27";South Africa
Ethan Svensson;ethan-svensson@hotmail.com;+120234132;243 Highway;new york;05/18/21;852.27;USA
Noah Larsson;noah-larsson@yahoo.com;9952980+55;171 Oak Road;Sao Paulo;"Oct 29; 2022";"EUR 1;578.36";Brazil
Isabella Smith;smith_isabella@hotmail.com;590902259 +55;294 King St;Rio de Janeiro.;07-Nov-21;"5;699;45";Brazil
Oscar Jones;jones_oscar@hotmail..com;+55 525782841;75 Elm Street;Sao Paulo;08/23/23;"SEK 2;962;61";Brazil
Astrid Brown;brown_astrid@gmail.com;+46 21610705;100 Park Ave;GÖTEBORG;28.07.2022;"9;862.84";Sweden
Ava Persson;ava.persson@yahoo.com;(+55)13614878;170 Elm Street;Rio de Janeiro;"Jan 17; 2024";"8;343.37 $";Brazil
Leo Johnson;johnson_leo@company.co;+66 500902559;195 Main St;Bangkok ;09/03/2022;5 929.39;Thailand
Isabella Williams;isabella-williams@company.co;+1-26842450;22 Main St;Los Angeles ;28.12.2024;"3;445;08";USA
Leo Johnson;leo.johnson@yahoo.com;+46-98259526;173 Highway;Göteborg;2025-05-15;"6;741.33 EUR";Sweden
Liam Johnson;liamjohnson@yahoo.com;2494514754 +27;77 King St;Johannesburg;14-Mar-25;"1;140;51";South Africa
Emma Jones;emma.jones @ company.co;14955112 +1;243 Oak Road;Los Angeles; 26-Dec-23 ;"EUR 8;591.44";USA
Alma Olsson;almaolsson@company.co;+49-6464911110;279 Main St;Munich;28-Jul-25;"7;771;03";Germany
Ava Olsson;ava olsson@bizmail.net;7423330591 +27;193 Elm Street;Cape_Town;2021-10-20;"5;159.20 USD";South Africa
Erik Svensson;erik.svensson@yahoo.com;+49 9855241406;110 King St;Munich;2023-09-04;"9;671.71";Germany
Isabella Persson;isabella.persson@outlook.com;+669588373;77 Park Ave;Chiang Mai;2021-01-14;"2;857.79 EUR";Thailand
Oscar Gustafsson;gustafsson_oscar@bizmail.net;5357788116+46;7 Baker St;Stockholm;2021-06-07;"4;956.89";Sweden
Ava Jones;avajones@outlook.com;(+39)09938425;65 King St;Rome;12-Mar-25;"6;152.72 €";Italy
Mia Pettersson;pettersson_mia@gmail.com;+55 693929060;259 Main St;Sao Paulo;06-May-21;"840;08";Brazil
Leo Nilsson;leo-nilsson@company.co;+33-4413845;186 Oak Road;Lyon;06/29/21;"3;216.68 USD";France
Olivia Olsson;oliviaolsson@outlook.com;0081 331-5520;109 Elm Street;Tokyo;2021-01-15;"4;116.86";Japan
Olivia Svensson;SVENSSON_OLIVIA @ YAHOO.COM;(+41)8985625753;207 Main St;"Zurich;";2021-09-29;"EUR 6;508.90";Switzerland
Oscar Gustafsson;oscargustafsson@outlook..com;(+33)59848840;161 King St;Paris;06-Aug-22;"3;628.42 €";France
Mia Larsson;larsson_mia@yahoo.com;+39-0842710;175 Baker St;Milan;28-Feb-21;"5;774.44";Italy
Elin Persson;elin.persson@bizmail.net;+81-500534240;299 Main St;Tokyo;22.04.2024;"2;069.53 EUR";Japan
Ethan Pettersson;ethan-pettersson@bizmail.net;+66 28277288;17 Park Ave;chiang mai;29-Jul-25;"$ 3;702;16";Thailand
Olivia Karlsson;karlsson_olivia@bizmail.net;+33-9137367850;260 Elm Street;paris ;14/09/2025;"2;502.41 EUR";France
Sophia Eriksson;sophiaeriksson@yahoo.com;41039773 +81;91 Elm Street;Osaka;09/09/2021;"$ 9;625.12";Japan
Erik Svensson;erik.svensson@hotmail.com;+46-043350488;49 Main St;Stockholm;13/03/2022;"EUR 3;010.02";Sweden
Leo Eriksson;leo.eriksson@gmail.com;4975019 +46;105 Highway;göteborg;01.08.2024;"3;015.91 USD";Sweden
Olivia Persson;oliviapersson@company.co;+411659266108;80 Elm Street;Zurich;16-Apr-25;"€ 9;842.02";Switzerland
Liam Eriksson;liam-eriksson@gmail.com;+66 1730985;129 Elm Street;CHIANG MAI;"Mar 20; 2021";8 533.42 SEK;Thailand
Astrid Pettersson;astridpettersson@gmail..com;+335823133484;154 Highway;Lyon;07/01/2023;"USD 6;105.13";France
Astrid Gustafsson;astrid.gustafsson@yahoo.com;(0033)9278687653;256 King St;Paris; 01/11/24 ;388.27;France
Klara Gustafsson;gustafsson_klara@bizmail.net;+49 286-85289;282 Oak Road;Munich;"Aug 11; 2022";"SEK 5;460.81";Germany
Ethan Williams;ethan.williams@outlook.com;+81-0409013;267 King St;Tokyo;09/07/22;"3;437.34 USD";Japan
Noah Larsson;noah.larsson@gmail.com;+55869261796;228 Elm Street;Rio  de  Janeiro; 05/30/24 ;"2;766.06";Brazil
Oscar Andersson;andersson_oscar@bizmail.net;29668516+55;245 Oak Road;SAO PAULO;04/17/22;"USD 7;231.60";Brazil
Ella Olsson;ella.olsson@gmail.com;55598953 +1;45 Main St;los  angeles;02.10.2025;"1;937.35";USA
Liam Karlsson;liam-karlsson@outlook.com;7749649909+49;109 Oak Road;Munich ;01-Feb-23;"4;704.43 $";Germany
KLARA OLSSON;klara.olsson@gmail.com;(+55)06345911;67 King St;Sao Paulo;10.09.2025;"1;743;06 SEK";Brazil
Erik Johansson;erik.johansson@bizmail.net;(+66)7451713;180 King St;Chiang Mai;15/12/2021;"USD 5;705.04";Thailand
Mia Gustafsson;gustafsson_mia@yahoo.com;+81-183437401;72 Elm Street;Osaka;12/26/20;"6;298.43 $";Japan
Astrid Smith;astrid-smith @ company.co;0066-8040850954;223 King St;Bangkok ;25-Nov-23;"9;325.40 USD";Thailand
Ella Pettersson;ELLAPETTERSSON@HOTMAIL.COM;(0033)32971674;10 Oak Road;Lyon;2023-08-15;"3;383;97";France
Emma Pettersson;emmapettersson @ bizmail.net;(+1)2309130756;257 King St;New York;02/10/2024;"5;613.26 EUR";USA
Liam Persson;liam.persson@company.co;1103712938 0033;176 King St;lyon; 29-Jan-22 ;"8;061.51 $";France
Liam Karlsson;liam-karlsson@bizmail.net;+46 546-015851;104 Baker St;Stockholm;2022-12-25;EUR 3 599 02;Sweden
Oscar Brown;oscar.brown@bizmail.net;+66-7982708086;91 Park Ave;Chiang_Mai;03/12/24;"3;852.78 SEK";Thailand
Ava Johansson;johansson_ava@bizmail.net;+66 101372151;294 Elm Street;Bangkok;12/10/2022;"2;757.07";Thailand
Ethan Johansson;ethanjohansson@yahoo.com;+391790807;295 King St;Milan;10/01/2023;1 291.18 SEK;Italy
Klara Nilsson;nilsson_klara@hotmail.com;(+46)9078263337;240 Park Ave;Stockholm;16-Sep-24;"4;505;22 SEK";Sweden
Ava Johansson;ava.johansson@hotmail.com;6614494296 +66;72 Park Ave;Chiang Mai;2022-07-04;"9;271.92";Thailand
Nils Johnson;nils-johnson@bizmail.net;(+66)146074555;167 Elm Street;Bangkok;"Dec 05; 2023";"7;409.64 USD";Thailand
Astrid Svensson;astridsvensson@gmail.com;+55 5469681579;121 Oak Road;Sao  Paulo;25.03.2021;"5;004.50 $";Brazil
Olivia Olsson;olivia-olsson@gmail..com;(+39)696325953;256 Oak Road;MILAN;23/02/2022;EUR 496.09;Italy
Alma Williams;ALMA..WILLIAMS@COMPANY.CO;+33 481-93466;9 Elm Street;Paris;13.01.2025;"USD 7;011;81";France
Hugo Olsson;hugoolsson@yahoo.com;+55 1557998;63 Baker St;Sao Paulo;01/03/22;"2;177;41";Brazil
Emma Larsson;emma-larsson @ hotmail.com;(+55)7793238;43 Park Ave;rio de janeiro;01/24/22;"EUR 6;597.10";Brazil
ISABELLA PETTERSSON;isabellapettersson @ gmail com;+39 571617688;67 Oak Road;rome;12-Dec-24;"5;329.37";Italy
Olivia Smith;oliviasmith @ yahoo.com;+1-9600133;280 Elm Street;New York ;16-Sep-24;"1;563.24";USA
Emma Gustafsson;gustafsson_emma@company.co;+467580304687;42 Highway;Göteborg;19/03/2021;"3;298.95";Sweden
Ava Johnson;ava-johnson@gmail.com;+1 601-367303;107 Elm Street;New York;2024-11-17;"5;500.30 $";USA
Ella Olsson;ellaolsson@outlook..com;+668186702;127 Main St;Chiang Mai;13.07.2021;"$ 8;621.22";Thailand
Lucas Gustafsson;GUSTAFSSON_LUCAS@GMAIL.COM;(+33)1918623;92 King St;paris;2021-04-18;"5;744.29 EUR";France
Liam Gustafsson;liam-gustafsson@company.co;+1-129578606;200 Main St;new york;27.01.2024;"5;328.32 €";USA
Noah Persson;noah.persson@gmail.com;+81-09184357;264 Elm Street;TOKYO;2022-08-08;"8;735.61";Japan
Klara Persson;klarapersson@gmail.com;+55-7784873;240 Oak Road;Sao Paulo;10/10/2023;"8;195;99 SEK";Brazil
Lucas Svensson;lucas-svensson@outlook.com;(+46)6447264908;47 Park Ave;Göteborg;11/11/2023;"3;241.37 $";Sweden
Mia Jones;jones_mia@gmail.com;+33762702324;105 Elm Street;paris;2022-11-23;"SEK 3;453.67";France
Ella Svensson;ellasvensson@company.co;(+55)912711307;272 Elm Street;Sao Paulo;26/12/2021;4 314.18 USD;Brazil
Noah Svensson;noah.svensson@yahoo.com;47317810 +81;48 King St;Tokyo;2023-01-17;31.53 EUR;Japan
Emma Brown;EMMA-BROWN @ GMAIL.COM;+66 2314290;174 King St;Bangkok;15/04/2023;"$ 4;794.29";Thailand
Erik Williams;erik-williams@hotmail.com;(+39)9086416862;203 Park Ave;Milan;2022-02-26;"4;306.36";Italy
Emma Eriksson;eriksson_emma @ bizmail.net;+813218122764;125 King St;Tokyo;2021-01-09;392.49 SEK;Japan
Nils Olsson;nilsolsson@gmail.com;+1831997179;18 Elm Street;New-York.;02/07/21;"$ 4;324;07";USA
Olivia Pettersson;olivia.pettersson@gmail.com;+1 2385037;19 Oak Road;New York;"Apr 01; 2021";"1;303.35";USA
Nils Jones;nils.jones@bizmail.net;+19405396727;142 Elm Street;New York;2024-05-11;"$ 4;071;08";USA
Astrid Persson;astridpersson@company.co;+46 85677005;141 King St;Göteborg;12/02/22;"8;983.28 $";Sweden
Hugo Larsson;hugo.larsson@yahoo.com;0027309883920;81 Main St;Johannesburg;31/01/2024;"$ 7;371.89";South Africa
Ava Olsson;ava.olsson@bizmail.net;7423330591 +27;193 Elm Street;Cape_Town;2021-10-20;"5;159.20 USD";South Africa
Erik Olsson;erik-olsson @ gmail.com;+49-9375150939;143 Baker St;munich;"Apr 14; 2021";"SEK 4;909.75";Germany
Leo Johansson;leojohansson@gmail.com;98808583 +33;192 Baker St;paris;10.07.2025;"9;422.50";France
Emma Karlsson;emma-karlsson@gmail.com;+55 005-0506138;275 Baker St;Rio  de  Janeiro;2024-06-18;€ 9 181.01;Brazil
Oscar Persson;oscarpersson@gmail.com;4488501 +41;292 Highway;Geneva;26-Jul-24;"7;974.57";Switzerland
Noah Larsson;noah.larsson @ gmail.com;+81 999827950;195 King St;tokyo;2021-07-20;"EUR 2;751.44";Japan
Nils Pettersson;pettersson_nils@company.co;+81 2047196094;228 Main St;Osaka;05/11/2020;"8;559.84 SEK";Japan
Olivia Johnson;johnson_olivia@yahoo.com;+813330212606;298 Main St;Osaka;2021-08-03;134.65;Japan
Lucas Johnson;lucas-johnson@outlook.com;+811639282341;220 Baker St;Tokyo;24/10/2021;5 916 05;Japan
Noah Brown;brown_noah@company.co;+41-414967393;93 Oak Road;Geneva ;2023-09-28;"3;521;65";Switzerland
Ella Williams;ella..williams@yahoo.com;(+66)535218188;76 Baker St;chiang mai; 19.01.2025 ;"EUR 9;513.41";Thailand
Hugo Persson;hugo-persson@company.co;4773201+55;14 Baker St;Rio de Janeiro;2021-05-03;"5;204.29";Brazil
Liam Jones;jones_liam@company.co;+41-71894905;263 Elm Street;Zurich;06/13/22;"USD 6;953.56";Switzerland
Oscar Olsson;olsson_oscar@outlook.com;0049 823-662994;147 Baker St;Munich;11.04.2023;"4;737.13 €";Germany
Erik Williams;erikwilliams@bizmail.net;+33-160481754;191 Main St;Paris;"Aug 20; 2022";USD 641.54;France
Astrid Svensson;astrid-svensson@hotmail.com;+49 770-4605;226 Elm Street;Berlin;2024-01-18;"3;670.98";Germany
Sophia Persson;sophiapersson@company.co;+41 207-1002194;244 Park Ave;geneva;19/02/2022;EUR 385.84;Switzerland
Erik Olsson;olsson_erik @ gmail.com;+1016731882;80 King St;Los Angeles;14/03/2023;"2;702;12";USA
Lucas Johnson;lucas.johnson@company.co;7179576024 +41;119 Highway;Zurich;09.07.2025;"1;320.27 USD";Switzerland
Olivia Persson;olivia-persson@bizmail..net;0055384444630;192 King St;Sao Paulo;02-Jan-24;SEK 9 735.17;Brazil
Leo Svensson;svensson_leo@company..co;(+81)72318432;61 Park Ave;Osaka;25-Jun-23;"1;620;85";Japan
Ethan Andersson;ethan.andersson@yahoo.com;+81-549471709;100 Highway;tokyo;05/09/2025;"2;010;96 EUR";Japan
Klara Olsson;klara.olsson@gmail.com;(+55)06345911;67 King St;Sao Paulo;10.09.2025;"1;743;06 SEK";Brazil
Elin Eriksson;elin-eriksson @ hotmail.com;+33 352-090421;176 Baker St;Lyon;23/03/2024;"5;532.03 €";France
Noah Larsson;noah.larsson @ hotmail.com;+66-0339937;59 Oak Road;bangkok;30.01.2023;"SEK 8;862.70";Thailand
Lucas Pettersson;lucas-pettersson @ gmail.com;+55957885685;129 Baker St;rio  de  janeiro;31/08/2024;"SEK 7;388.66";Brazil
Noah Pettersson;noahpettersson@outlook.com;+1 210470952;213 Baker St;Los Angeles;08/11/23;"USD 2;577.13";USA
Erik Johnson;erik.johnson @ company.co;+816767721903;148 Baker St;Osaka;2023-08-30;USD 2 686.21;Japan
Hugo Olsson;hugoolsson@yahoo.com;3257970 +41;250 Baker St;Geneva;05/19/24;"3;700;79 USD";Switzerland
Erik Larsson;ERIK.LARSSON@YAHOO.COM;(+33)7778097;233 Elm Street;Lyon;"Apr 27; 2024";2 084.30;France
Astrid Andersson;andersson_astrid@outlook.com;+2702716938;236 Elm Street;Johannesburg;05/10/23;"EUR 7;119.36";South Africa
Olivia Eriksson;oliviaeriksson@bizmail.net;81199537 +66;54 King St;Chiang Mai;"May 21; 2024";"6;673;12";Thailand
Liam Williams;liamwilliams@company.co;(+1)511047541;286 Highway;"New  York;";03/12/25;133.28;USA
Oscar Johnson;oscarjohnson@outlook.com;(+46)156915452;250 Park Ave;Stockholm;03/27/24;"5;893.61 €";Sweden
Alma Johansson;ALMA-JOHANSSON@BIZMAIL.NET;+49 678-1126;87 Main St;Berlin;2023-01-23;"USD 4;252.80";Germany
Leo Nilsson;leo-nilsson@company.co;+33-4413845;186 Oak Road;Lyon;06/29/21;"3;216.68 USD";France
Isabella Persson;isabellapersson@yahoo.com;+49 149368998;137 Main St;munich;30/10/2020;"5;667.55";Germany
Olivia Smith;olivia-smith@yahoo.com;+39-8811729;221 Highway;Rome;18-Apr-25;"3;818.55";Italy
Ava Gustafsson;ava.gustafsson@company.co;8058911352 +66;205 King St;Bangkok;29.08.2023;"5;809.38 SEK";Thailand
Astrid Larsson;astrid.larsson@gmail.com;+41 5060983584;282 Oak Road;Geneva;04-May-21;"9;868;01";Switzerland
Erik Williams;williams_erik@bizmail.net;(+39)8324210;292 Oak Road;Milan;"Apr 28; 2022";"4;383.21 SEK";Italy
Nils Karlsson;karlsson_nils@hotmail.com;+8168315893;218 King St;OSAKA; 31-Dec-21 ;"SEK 6;771.46";Japan
Alma Smith;almasmith@gmail.com;+46568044731;193 Oak Road;Stockholm;23.05.2022;"EUR 2;453.69";Sweden
Ava Gustafsson;avagustafsson@hotmail.com;+39-04439735;6 Elm Street;rome;17-Oct-24;7 363.68;Italy
Hugo Johnson;HUGO..JOHNSON@HOTMAIL.COM;+41 4455618579;233 Elm Street;Geneva;2021-05-16;"8;256.31 €";Switzerland
Klara Olsson;klara-olsson @ bizmail.net;+55880395512;193 Park Ave;Sao Paulo;06/14/21;"3;151;85 $";Brazil
Astrid Andersson;astrid.andersson@bizmail.net;+27712814429;58 Highway;cape town;29/04/2025;"€ 7;010.74";South Africa
Mia Eriksson;MIA-ERIKSSON@HOTMAIL.COM;+1903521356;90 Main St;Los Angeles;29-Apr-21;"7;940.16";USA
Nils Persson;nilspersson@yahoo.com;(+49)129592728;20 Highway;Berlin;05/26/21;"5;905;16 €";Germany
Oscar Karlsson;oscarkarlsson@yahoo.com;(+1)3577908;17 Elm Street;Los Angeles;18.10.2023;EUR 803.68;USA
Mia Jones;mia jones@outlook.com;+66335670860;180 Park Ave;"Chiang-Mai;";12/21/24;"4;725;86 SEK";Thailand
Noah Williams;noahwilliams@bizmail..net;+39 86204485;45 Highway;ROME;12/04/2021;"6;269.98";Italy
Lucas Pettersson;lucas.pettersson@gmail.com;+815280924287;163 Park Ave;Osaka;08/06/23;"USD 9;263.11";Japan
ELLA BROWN;ellabrown @ outlook com;+55 700766177;76 Main St;sao paulo;"Dec 07; 2022";"4;542.62";Brazil
Olivia Brown;oliviabrown@yahoo.com;+6668653694;163 Highway;Bangkok;05/26/23;"4;500;06 €";Thailand
Astrid Smith;smith_astrid@hotmail.com;+49-1718227;217 Baker St;Munich;13.01.2023;4 386.62;Germany
Liam Smith;smith_liam@company.co;+399887749242;148 King St;Milan;06/04/2024;2 859.61;Italy
Hugo Larsson;hugo-larsson@company.co;+661484399;74 Elm Street;Bangkok;26-Feb-22;"6;464.39";Thailand
Emma Persson;emma.persson@yahoo.com;+39 023-741678;167 King St;Rome;10-Jul-25;9 577.21;Italy
Elin Svensson;elin-svensson @ gmail.com;7410119 +33;255 Baker St;LYON;09/20/24;"5;750.66 SEK";France
Noah Johansson;NOAHJOHANSSON@BIZMAIL.NET;(+49)6300979;81 Elm Street;munich; 2024-04-20 ;"6;449.30";Germany
Hugo Larsson;hugolarsson@company.co;+46 805-5269;242 King St;göteborg ;22-Mar-25;6 289.42 SEK;Sweden
Klara Johansson;johansson_klara@outlook.com;+396980420;139 Main St;Rome;29.07.2025;"1;087.84";Italy
Isabella Larsson;larsson_isabella@outlook..com;(+27)0422325367;213 Elm Street;"Cape Town;";12/31/24;"8;774.40 EUR";South Africa
Oscar Johnson;johnson_oscar@yahoo.com;(+46)59893347;89 Park Ave;Stockholm;11/07/2021;EUR 2 557.61;Sweden
Mia Karlsson;mia-karlsson@gmail.com;(+46)31279757;195 Park Ave;Göteborg;28.09.2023;"7;871.33 SEK";Sweden
Hugo Karlsson;hugo.karlsson@yahoo.com;+4661764750;261 Baker St;göteborg;2024-12-22;1 819.15 EUR;Sweden
Elin Johansson;elinjohansson@bizmail.net;2839992192+46;292 King St;Stockholm;2024-08-06;"6;932.93 SEK";Sweden
Alma Johnson;almajohnson @ gmail.com;+46 559-3429;40 Main St;Stockholm;19/10/2022;"3;034.16 USD";Sweden
Isabella Johansson;isabellajohansson@gmail.com;+33-207446660;98 Oak Road;Paris;07/24/24;"8;455;74 SEK";France
Nils Brown;nilsbrown@outlook.com;+46-1397187072;287 Elm Street;Göteborg;23/12/2024;$ 462.45;Sweden
Noah Johnson;noah.johnson@gmail.com;+49-723046184;54 Highway;Munich;18/03/2024;"USD 8;316.67";Germany
Sophia Jones;sophia.jones @ outlook.com;(+41)9904137977;74 King St;Zurich;26.09.2021;"9;224.30";Switzerland
Liam Eriksson;liam.eriksson@outlook.com;4545892975 0081;236 Main St;osaka.;06.12.2021;"8;822;66 USD";Japan
LUCAS ANDERSSON;lucasandersson@yahoo.com;(+66)64647154;101 Elm Street;bangkok;10-Apr-24;"EUR 3;302.12";Thailand
Olivia Persson;PERSSON_OLIVIA@COMPANY..CO;(0033)66552899;236 Oak Road;paris;09/05/2023;"1;467.25 $";France
Liam Smith;liamsmith@yahoo.com;4341036 +1;57 King St;New  York;28/10/2024;€ 25.63;USA
Ella Eriksson;ellaeriksson@outlook.com;+117807823;269 Oak Road;Los Angeles;10.09.2023;"2;059.82 $";USA
Leo Karlsson;leo.karlsson@hotmail.com;+337625153814;2 Park Ave;Lyon;"May 26; 2024";363 94 EUR;France
Lucas Gustafsson;LUCAS-GUSTAFSSON @ BIZMAIL.NET;+81 199-0623445;163 Elm Street;OSAKA;2024-01-28;"1;652;11 EUR";Japan
Lucas Larsson;larsson_lucas@hotmail.com;+49 157-6764;261 Main St;MUNICH;04-May-23;"1;775.46";Germany
Klara Johansson;klarajohansson@outlook.com;+66 4546553585;127 King St;Chiang Mai;23.08.2023;"€ 3;141.71";Thailand
Sophia Karlsson;sophia-karlsson @ yahoo.com;(+39)3128403;245 Elm Street;milan.; 13-Jun-21 ;"1;981.99";Italy
Ava Brown;ava-brown@company.co;+668509608;295 Oak Road;Chiang Mai;2025-03-04;"7;987.92 $";Thailand
Alma Brown;alma-brown@bizmail.net;+33 5676670806;155 King St;Paris; 09/19/25 ;"EUR 8;452;62";France
Sophia Williams;williams_sophia@outlook.com;1601662 +1;229 Highway;Los Angeles;" May 02; 2025 ";"9;228;61";USA
Sophia Svensson;sophiasvensson@gmail.com;+66 173-42069;189 Baker St;Bangkok;05.05.2023;"2;252.59 €";Thailand
Erik Brown;brown_erik@bizmail.net;+55 294-56255;58 Oak Road;Sao Paulo;07/01/2024;"USD 4;062.80";Brazil
Hugo Williams;hugo.williams@bizmail.net;0049 9562017537;144 Park Ave;Berlin;30.04.2025;"9;801.39 USD";Germany
Lucas Nilsson;lucas-nilsson@gmail.com;+3372450184;242 Baker St;Paris;2021-08-28;"7;544.96";France
Klara Pettersson;KLARAPETTERSSON@HOTMAIL.COM;(+33)5009788;96 Main St;Paris;"Oct 15; 2025";"5;949.25 SEK";France
Elin Karlsson;KARLSSON_ELIN@GMAIL.COM;(+81)2634755752;298 Oak Road;Tokyo;25/10/2023;"6;959.40";Japan
Isabella Eriksson;isabellaeriksson@company.co;+33-833394522;60 King St;Paris;19.02.2023;8 415.48;France
Sophia Smith;sophia.smith@outlook.com;(+27)5349678;57 Park Ave;Johannesburg;2022-04-09;"9;930.84";South Africa
Ava Nilsson;AVANILSSON @ GMAIL.COM;+39-6918362644;196 Highway;Milan;2021-04-18;"7;769.14 USD";Italy
Isabella Karlsson;isabella-karlsson @ company.co;(+49)023290282;32 Highway;Berlin;14/02/2023;"€ 1;754.63";Germany
Nils Karlsson;karlsson_nils@yahoo.com;70267288 +49;129 Highway;MUNICH.; 20.06.2023 ;"7;448.49 USD";Germany
Erik Olsson;olsson_erik@outlook.com;(+27)7303379;170 King St;Cape Town; 2022-10-31 ;309.88 $;South Africa
Oscar Svensson;oscarsvensson@bizmail.net;+12871539;196 Park Ave;New York;01/18/22;USD 885.93;USA
Alma Karlsson;alma-karlsson@company.co;6032484 +33;112 Elm Street;Lyon ;08/17/23;1 656.74;France
Alma Nilsson;nilsson_alma@company.co;+39 555746966;210 Oak Road;Milan;21.05.2025;"6;623;93 USD";Italy
Hugo Andersson;andersson_hugo@outlook.com;+463878294565;23 King St;Stockholm;2021-05-08;"SEK 8;364.63";Sweden
Noah Karlsson;noah.karlsson@outlook.com;+1 051-4054;201 Park Ave;New York;"Dec 14; 2024";"$ 8;076.87";USA
Klara Jones;klara.jones @ hotmail.com;+1 85691463;60 Elm Street;NEW YORK; 2021-10-12 ;"1;380.75 $";USA
Ethan Olsson;ethan.olsson@gmail.com;+414132834831;19 Baker St;Geneva;2023-08-05;"5;886.52";Switzerland
Isabella Andersson;andersson_isabella@outlook.com;(+33)70589578;159 Elm Street;Lyon;" May 31; 2025 ";"9;724.07 $";France
Emma Johansson;emmajohansson@yahoo.com;001 622-6838851;10 Elm Street;Los Angeles;10.10.2024;"1;160.58";USA
Klara Johansson;klara-johansson@yahoo.com;+665654527;222 Main St;Chiang-Mai;"Dec 12; 2023";"EUR 1;231;09";Thailand
Alma Pettersson;pettersson_alma@outlook.com;7548581932 +81;224 Highway;Tokyo;28.03.2023;EUR 262.70;Japan
Astrid Gustafsson;astrid.gustafsson@yahoo.com;+467079334960;222 Elm Street;Stockholm;2022-06-05;"SEK 4;866.15";Sweden
Emma Williams;emma.williams@bizmail.net;+39 78742967;165 Park Ave;milan;05-Jul-24;"5;505.47 EUR";Italy
Leo Olsson;leoolsson@hotmail.com;+81 1584156082;57 Main St;Tokyo;"Mar 30; 2023";838.84 SEK;Japan
Leo Olsson;leoolsson@hotmail.com;+81 1584156082;57 Main St;Tokyo;"Mar 30; 2023";838.84 SEK;Japan
Klara Svensson;svensson_klara@yahoo.com;+668788443;88 Baker St;bangkok;09/05/2022;"€ 7;908;31";Thailand
Ella Larsson;ella-larsson@gmail.com;+1-4432701;214 Elm Street;Los Angeles;18.06.2023;"SEK 1;336.77";USA
Isabella Persson;persson_isabella@yahoo.com;9232260256 +46;137 Baker St;Göteborg;16/01/2022;"4;608;43";Sweden
Klara Olsson;klara-olsson@company.co;(001)7175355609;284 Highway;Los Angeles;"Dec 04; 2022";"4;998.02 USD";USA
Ava Karlsson;KARLSSON_AVA@COMPANY.CO;+55 821-759464;197 King St;Sao Paulo; 09/19/24 ;"8;302.08";Brazil
Mia Nilsson;MIA-NILSSON@HOTMAIL.COM;+555867342;158 Main St;Sao  Paulo;06.02.2021;"6;719.27 USD";Brazil
Hugo Gustafsson;gustafsson_hugo@yahoo.com;+39-8610313100;52 Oak Road;Rome;13/05/2021;"8;796;48";Italy
Mia Johnson;johnson_mia@outlook.com;+4156394278;6 Park Ave;Geneva;"Jan 15; 2025";"SEK 1;600.63";Switzerland
Lucas Andersson;lucasandersson@bizmail.net;+490401041;195 Oak Road;Berlin;02/08/2022;"EUR 8;879;11";Germany
Noah Brown;noah.brown@company.co;+27-695489952;255 Elm Street;Cape Town;2021-11-18;"€ 4;654.21";South Africa
Erik Jones;erik.jones@outlook.com;+81-5807412094;44 Baker St;Tokyo;21/09/2023;"$ 5;031.36";Japan
Liam Persson;liam-persson@outlook.com;+275890429;70 Oak Road;cape town;2022-10-17;"5;300.83";South Africa
Ethan Persson;ethan-persson@gmail.com;+46-45587716;75 King St;stockholm;01-Jan-24;722.73;Sweden
Nils Pettersson;pettersson_nils@hotmail..com;(+55)158331170;198 Baker St;Rio de Janeiro;09/05/23;"€ 3;125;14";Brazil
Elin Olsson;elin-olsson@company..co;+55 52373605;51 King St;Sao Paulo;08.01.2024;"3;947.91 SEK";Brazil
Liam Pettersson;LIAMPETTERSSON@HOTMAIL.COM;+816317797177;10 Main St;TOKYO;"Mar 27; 2025";"6;379.01";Japan
Liam Pettersson;pettersson_liam@outlook.com;3397401 +66;289 Park Ave;chiang mai;02/02/2024;"7;129;99 EUR";Thailand
Nils Persson;persson_nils@yahoo.com;+81-4268181;263 Oak Road;Osaka;"Nov 29; 2022";"EUR 2;440.30";Japan
Nils Brown;nils.brown@hotmail.com;(+49)679970246;206 Main St;Munich.; 04/21/22 ;"8;175.69 USD";Germany
Hugo Jones;hugojones@bizmail.net;+55 727-2239;145 Main St;Sao Paulo;2021-11-06;"4;269.69";Brazil
Leo Williams;leowilliams@hotmail.com;44617679 +33;260 King St;Lyon;01/20/24;"8;300.56";France
Isabella Smith;smith_isabella@gmail.com;(+33)9358895;77 Elm Street;Lyon;"Jan 20; 2022";"EUR 5;748.65";France
Sophia Olsson;sophia-olsson@outlook.com;216674676 +81;68 Park Ave;Osaka;09-Feb-24;"6;787.15 €";Japan
Ella Johnson;ELLA-JOHNSON@HOTMAIL.COM;8325381 +49;298 King St;Munich;10/10/22;"4;235.06 $";Germany
Ethan Johansson;ethanjohansson@bizmail.net;+498141413975;52 Oak Road;Munich;02.04.2024;"5;845.86 SEK";Germany
Alma Andersson;ALMA-ANDERSSON@GMAIL.COM;+33-18751097;287 Baker St;PARIS;30-Aug-25;"3;064.45 SEK";France
Isabella Pettersson;isabella-pettersson @ gmail.com;+66-80657875;93 Main St;Chiang Mai;14-Feb-21;"7;670.75";Thailand
Noah Gustafsson;gustafsson_noah@company.co;+168499515;250 Elm Street;Los Angeles;2024-03-12;"6;667.67";USA
Olivia Andersson;andersson_olivia@hotmail.com;+41189520284;84 Main St;Geneva;"Dec 06; 2023";"SEK 9;525.43";Switzerland
Liam Pettersson;pettersson_liam@company.co;(+46)5676618251;66 Park Ave;Göteborg;24.05.2023;"4;247.04";Sweden
SOPHIA SVENSSON;sophiasvensson@gmail.com;+66 173-42069;189 Baker St;Bangkok;05.05.2023;"2;252.59 €";Thailand
Liam Jones;liamjones@company.co;+27 239-5041027;273 Baker St;Johannesburg; 04-Sep-25 ;"EUR 9;272.95";South Africa
Klara Brown;klarabrown@outlook.com;(+55)791452118;128 Main St;sao paulo; 22/12/2023 ;"USD 4;939.24";Brazil
Liam Persson;LIAM.PERSSON@COMPANY.CO;(+49)405153195;90 King St;Berlin; 06/05/2025 ;"7;764.14 EUR";Germany
Sophia Svensson;sophia-svensson@gmail..com;8513854457 +1;300 Baker St;New York;01/03/25;"EUR 4;912;66";USA
Ethan Larsson;larsson_ethan@bizmail.net;+273721386;27 Baker St;Cape Town;"Jun 10; 2023";650.16;South Africa
Klara Andersson;KLARA-ANDERSSON@OUTLOOK.COM;+33 42253584;283 Oak Road;paris;"Sep 28; 2021";"1;550.40 SEK";France
Mia Johansson;johansson_mia@bizmail..net;+662050614973;150 Main St;Chiang Mai; 07/02/24 ;"5;445.82 €";Thailand
Noah Williams;noah.williams@gmail.com;+125012495;124 Highway;LOS ANGELES ;22/10/2024;"$ 1;726;02";USA
Elin Eriksson;elineriksson@yahoo.com;(+81)1896164;205 Main St;tokyo;04.06.2024;"USD 2;992.48";Japan
Hugo Brown;hugo-brown@yahoo.com;+276769915078;7 Highway;Johannesburg;03.07.2021;"3;560;36 EUR";South Africa
Astrid Karlsson;astrid-karlsson@yahoo.com;+27-8996986091;51 Highway;cape town;"Oct 09; 2024";"USD 3;943.51";South Africa
NILS PERSSON;persson_nils@yahoo.com;+81-4268181;263 Oak Road;Osaka;"Nov 29; 2022";"EUR 2;440.30";Japan
Leo Johnson;leo-johnson@bizmail.net;+27 353-537513;186 Main St;Johannesburg;10/03/2024;"€ 4;194.31";South Africa
Mia Brown;mia-brown@outlook..com;11907903+46;277 Baker St;Göteborg;"Nov 24; 2024";"5;983.20 USD";Sweden
Astrid Olsson;ASTRID-OLSSON@HOTMAIL.COM;(+49)79103368;108 Baker St;Munich.;2023-08-12;"6;492.63 EUR";Germany
Hugo Olsson;hugo.olsson@gmail.com;+55-2278469;163 Oak Road;Rio de Janeiro;27.03.2023;"3;449.20";Brazil
Sophia Johnson;SOPHIA-JOHNSON@GMAIL.COM;+27 334817058;211 Elm Street;johannesburg;07-Mar-21;"8;658.34 €";South Africa
Ella Svensson;SVENSSON_ELLA@BIZMAIL.NET;+55-6923645;189 Park Ave;rio de janeiro;2023-06-23;"3;620.53 $";Brazil
Noah Johansson;noah.johansson@bizmail.net;+55 647-0900;192 Baker St;SAO-PAULO;15.11.2021;"€ 2;213;47";Brazil
Emma Karlsson;emma.karlsson@outlook.com;(+1)97585988;23 Baker St;los angeles;"Jul 19; 2021";€ 5 921.91;USA
Hugo Smith;hugo.smith@company.co;859592248 +1;191 Highway;Los Angeles;25.12.2024;SEK 9 279.14;USA
Oscar Larsson;oscar-larsson@gmail.com;+66-6139449;26 Oak Road;Chiang Mai;28/08/2024;"6;717.68";Thailand
Olivia Olsson;olivia.olsson@yahoo.com;0384576 +55;181 Oak Road;Rio de Janeiro;2025-05-07;"8;787.99 $";Brazil
Emma Gustafsson;emma-gustafsson@bizmail.net;+49-0469472587;136 King St;Munich;21-Apr-24;"7;568.56";Germany
Noah Eriksson;eriksson_noah @ bizmail..net;+497889255466;172 Main St;Munich;28.07.2025;"6;030.98";Germany
Elin Larsson;larsson_elin@bizmail.net;+66-90458867;80 Highway;Bangkok;08.07.2023;"5;257;12 €";Thailand
Erik Johnson;erik-johnson@bizmail..net;+814985172;254 Baker St;Osaka;2022-02-06;"EUR 1;850.71";Japan
Lucas Nilsson;nilsson_lucas @ bizmail.net;+39-04699013;246 Baker St;Rome ;2024-12-14;"SEK 7;545.76";Italy
Ethan Andersson;ethan-andersson @ gmail.com;165162319 +46;298 King St;Göteborg;06/25/21;"5;847.42 EUR";Sweden
Oscar Nilsson;nilsson_oscar@yahoo.com;+39-5107991183;36 Baker St;Rome;23.03.2024;"USD 6;681;95";Italy
Olivia Persson;olivia-persson@outlook.com;+812513412;215 Highway;osaka;07.09.2024;"1;740;62 €";Japan
Oscar Larsson;oscar.larsson@bizmail.net;2620672 +46;20 Main St;Göteborg;06.05.2023;"4;944.19 €";Sweden
Erik Svensson;ERIK-SVENSSON@YAHOO.COM;57771183 +81;143 King St;tokyo;"Jun 29; 2021";"1;692.85";Japan
Elin Karlsson;karlsson_elin@company.co;085887704 +46;50 Baker St;Göteborg;23.12.2021;"2;139.62";Sweden
Ethan Gustafsson;ethan.gustafsson @ yahoo.com;(+39)4973502080;65 Park Ave;ROME;18-Sep-22;"EUR 7;996.63";Italy
Nils Larsson;nilslarsson@company.co;+2783206038;5 Oak Road;johannesburg;18/05/2021;2 389.29;South Africa
Ethan Jones;ethan-jones@hotmail.com;(+81)6032020;293 Elm Street;Tokyo;13-Jan-24;"USD 2;156.21";Japan
Nils Gustafsson;nils-gustafsson@bizmail.net;+333128196482;224 Main St;Paris;"Mar 28; 2021";"EUR 7;425.97";France
Isabella Johansson;isabella-johansson@yahoo.com;5245086403 +33;277 Main St;Paris;30/10/2024;3 821.04 USD;France
Olivia Eriksson;oliviaeriksson@company.co;+1 145-933272;213 Park Ave;Los Angeles;08/01/2022;"5;962.19 $";USA
Leo Gustafsson;leo-gustafsson@gmail..com;+33 982-824674;247 Main St;Paris;2020-10-26;"7;306.38 USD";France
Lucas Karlsson;lucaskarlsson@outlook.com;+14041209117;135 Baker St;los angeles;2022-12-27;"EUR 229;35";USA
Isabella Eriksson;isabellaeriksson@bizmail..net;5423567782 +66;293 Elm Street;Chiang Mai;06.11.2024;"1;454.73";Thailand
Alma Johansson;alma-johansson @ bizmail.net;133053194 +46;216 Park Ave;Stockholm;09/20/22;"EUR 8;228.06";Sweden
Noah Olsson;NOAH-OLSSON@OUTLOOK.COM;+1 505-415667;255 Oak Road;Los Angeles;28-Mar-21;"8;225;19 SEK";USA
Ethan Andersson;ethanandersson@bizmail.net;5648149+81;185 Main St;Osaka;"May 16; 2021";1 162.18;Japan
Klara Pettersson;KLARA-PETTERSSON@HOTMAIL..COM;+399721811;152 Oak Road;ROME.;25.10.2022;"7;388.02";Italy
Emma Pettersson;pettersson_emma@gmail.com;+4956588043;176 Main St;Munich;01/05/24;"EUR 7;464;10";Germany
Oscar Johansson;johansson_oscar@hotmail.com;+55 4170805310;11 Highway;sao paulo;07-Jan-22;"SEK 7;671.31";Brazil
Ava Nilsson;ava-nilsson@yahoo.com;776863423 +1;202 Main St;New York;04-Nov-24;"4;467.12 SEK";USA
Ethan Gustafsson;ethan-gustafsson@bizmail.net;(0033)4870494787;135 Oak Road;Lyon;30-May-22;"9;068.86";France
Noah Larsson;noah larsson @ hotmail.com;+66-0339937;59 Oak Road;bangkok;30.01.2023;"SEK 8;862.70";Thailand
Ava Johnson;avajohnson@hotmail.com;+46-204380571;115 Park Ave;Göteborg;09/12/24;479.33 EUR;Sweden
Ella Olsson;ella.olsson@bizmail.net;+819038021;38 Baker St;Osaka;18-Oct-23;"1;810;93 $";Japan
Astrid Johnson;astrid.johnson@yahoo.com;+27 6117240;184 Oak Road;Johannesburg;21/10/2021;"SEK 6;098.82";South Africa
Leo Jones;jones_leo@company.co;+81 406-4930853;128 Baker St;Osaka;29-Mar-21;"5;170.93 SEK";Japan
Leo Pettersson;leopettersson@company.co;+816383615171;148 Highway;OSAKA;"May 11; 2023";"€ 6;873.60";Japan
Elin Olsson;elin-olsson@outlook.com;(+55)4348734714;277 Main St;sao paulo;26-Feb-21;"5;430.69";Brazil
Noah Pettersson;noah-pettersson@yahoo..com;+81-3536541951;115 King St;OSAKA;08/26/25;"3;113;87 $";Japan
Olivia Nilsson;olivia-nilsson@bizmail.net;0523302764 +27;12 Highway;Cape Town; 28-Dec-22 ;"€ 7;270.28";South Africa
Elin Williams;elin-williams@company.co;+81 4932898027;281 King St;Osaka;30/10/2023;1 712.63 $;Japan
Ethan Olsson;ethan.olsson@outlook.com;0081 0771199;54 Baker St;Osaka;08.06.2022;"€ 5;063.91";Japan
Leo Persson;leo-persson@yahoo.com;(+55)7496903337;194 Highway;rio de janeiro ;14-Jun-22;"EUR 2;309.47";Brazil
Hugo Larsson;HUGOLARSSON @ COMPANY.CO;+46-4622522372;109 Baker St;Stockholm;07-Sep-25;"9;130.58";Sweden
Liam Olsson;olsson_liam@hotmail.com;+33-5061853;19 Park Ave;Lyon;11.01.2022;"€ 4;706.45";France
Emma Karlsson;karlsson_emma@bizmail.net;+15743748969;192 Highway;New York;02/25/21;"USD 6;409.54";USA
Oscar Pettersson;oscar-pettersson@bizmail..net;+33 096105566;6 Park Ave;"Lyon;";18/12/2023;"$ 6;980.71";France
Ava Jones;avajones @ gmail.com;+41 784-8728299;289 Elm Street;Zurich;28/10/2023;4 424 18 USD;Switzerland
Astrid Eriksson;eriksson_astrid @ yahoo.com;8010062 +33;5 Baker St;Lyon;02-Apr-24;"167;16 SEK";France
Alma Williams;alma-williams@outlook.com;(+66)1845146;135 Highway;Bangkok;"May 18; 2024";"SEK 1;536.86";Thailand
Klara Olsson;olsson_klara@bizmail.net;+41973348434;251 Oak Road;Geneva;2022-05-30;"5;436.48";Switzerland
Alma Johansson;johansson_alma@hotmail.com;+278496498;166 Elm Street;Cape  Town;08/11/21;"3;192.71";South Africa
Sophia Williams;sophia.williams@company.co;(+1)639855474;108 Elm Street;Los Angeles;"Oct 22; 2020";"EUR 9;015.44";USA
Emma Williams;williams_emma@bizmail.net;+467844736;81 Elm Street;Göteborg;17.08.2025;"9;880.35";Sweden
Ella Nilsson;ella-nilsson @ outlook..com;(+46)959310341;233 Park Ave;Göteborg;24.09.2024;"SEK 6;095.22";Sweden
Ethan Pettersson;ethan-pettersson@bizmail.net;+554737996;94 Elm Street;Sao Paulo;09/23/24;"5;171.11";Brazil
Liam Andersson;liam.andersson@company.co;+66 1898131292;63 Main St;bangkok; 2025-07-27 ;"USD 1;255;92";Thailand
Hugo Nilsson;nilsson_hugo@outlook.com;(+33)991537038;254 Baker St;Paris;05/06/2024;"2;974.96 $";France
Emma Larsson;EMMALARSSON@YAHOO.COM;+39 775847457;171 Highway;Milan;06/05/21;"7;284.87 $";Italy
Astrid Karlsson;astridkarlsson@company.co;14658404 +55;251 King St;sao paulo;04-Nov-23;"€ 3;224.56";Brazil
Erik Johnson;erik.johnson@outlook.com;(+49)1379956;118 King St;munich;01-Dec-21;744.56;Germany
Liam Smith;smith_liam@yahoo.com;7726257 +55;37 Elm Street;Rio_de_Janeiro;"Sep 16; 2024";7 946.84 $;Brazil
Olivia Larsson;olivialarsson@hotmail.com;+49-3750606;42 Oak Road;Berlin;26/03/2025;"€ 2;875.93";Germany
Lucas Williams;lucas-williams@hotmail.com;+1 8063565;130 Oak Road;Los Angeles;11-Aug-24;"4;138.15";USA
Erik Gustafsson;gustafsson_erik@company.co;41514888+66;117 Main St;chiang mai;07/31/24;"€ 7;454.66";Thailand
Astrid Williams;astrid.williams@bizmail.net;+3998338167;218 Baker St;Rome;12/04/21;"4;816;90 USD";Italy
Ethan Nilsson;ethannilsson@company.co;+66-83143598;162 King St;BANGKOK ;2023-10-11;"4;073.74 USD";Thailand
Klara Karlsson;karlsson_klara@outlook.com;+55 1208780572;142 Highway;Sao  Paulo;29/09/2024;"USD 2;159.89";Brazil
Hugo Jones;hugo-jones@outlook.com;+49 639-26495;71 Highway;Berlin;"Oct 01; 2024";"4;306.34";Germany
Hugo Olsson;hugoolsson@bizmail.net;+66-1631599;16 Park Ave;Bangkok;25-Nov-22;"$ 5;862.89";Thailand
Nils Jones;nilsjones@yahoo.com;2851553 +39;218 Oak Road;Rome.; 27-Jun-21 ;"8;676.65";Italy
Mia Eriksson;eriksson_mia@hotmail.com;1175186 +49;82 Elm Street;BERLIN;06.09.2025;"€ 1;629;62";Germany
Oscar Andersson;andersson_oscar@hotmail.com;+492463351;132 Main St;MUNICH; 01/05/2021 ;9 851.44 $;Germany
Ava Karlsson;ava.karlsson@gmail.com;+1-1284971;145 Highway;NEW_YORK;24/12/2022;"SEK 7;415.56";USA
Ella Karlsson;ella.karlsson@gmail.com;0027-7058650;37 King St;"Johannesburg;";"Feb 03; 2022";"SEK 1;939.26";South Africa
Erik Nilsson;ERIK-NILSSON@OUTLOOK.COM;+412324665136;132 Park Ave;Geneva.;26-May-23;4 366.97;Switzerland
Mia Jones;mia.jones@outlook.com;+66335670860;180 Park Ave;"Chiang-Mai;";12/21/24;"4;725;86 SEK";Thailand
Ella Larsson;ella.larsson@company.co;+49982474140;64 Main St;MUNICH;01/28/21;"8;788.43";Germany
Lucas Johnson;johnson_lucas@gmail.com;+1 9351187;167 Highway;New York;09/15/25;"3;272.14 USD";USA
Leo Karlsson;karlsson_leo @ hotmail.com;68705685 +66;193 Baker St;Chiang Mai;06/10/2024;"9;148.26 SEK";Thailand
Ella Gustafsson;GUSTAFSSON_ELLA @ YAHOO.COM;+55 896-08706;219 Highway;rio de janeiro;11/10/22;4 370 88;Brazil
KLARA OLSSON;olsson_klara@bizmail net;+41973348434;251 Oak Road;Geneva;2022-05-30;"5;436.48";Switzerland
Klara Eriksson;klara-eriksson@yahoo.com;(+66)1539669583;294 King St;Bangkok;28-May-25;"9;559.28";Thailand
Alma Eriksson;alma-eriksson@bizmail.net;9379660 +39;33 Highway;milan;2023-05-13;"USD 8;627.74";Italy
Mia Svensson;mia.svensson@yahoo.com;+277756620;56 Main St;johannesburg.;"Sep 16; 2021";"2;126.98";South Africa
Elin Johansson;johansson_elin@yahoo.com;+66-830945154;18 Park Ave;Bangkok; 02.05.2022 ;"EUR 5;726.09";Thailand
Oscar Johnson;johnson_oscar@company..co;+27-832818268;110 Park Ave;Johannesburg;09-Oct-23;"$ 8;238.65";South Africa
Leo Olsson;leoolsson@hotmail.com;0320320742 +66;254 Main St;Chiang Mai;05.06.2021;"1;245;31 $";Thailand
Liam Karlsson;liamkarlsson@bizmail..net;(+1)242956334;226 Oak Road;los angeles;24-Sep-23;"$ 6;873.53";USA
Sophia Gustafsson;gustafsson_sophia@hotmail..com;+33 2268171516;260 Elm Street;PARIS;2023-03-02;"2;593.90 $";France
Noah Larsson;noah-larsson@outlook.com;+49 179-9313;206 Oak Road;munich;30/03/2025;"5;934.92";Germany
Mia Williams;miawilliams@gmail.com;+27-2896599;243 Baker St;"cape town;";14/08/2021;"8;747;39";South Africa
Mia Svensson;mia.svensson@gmail.com;+27 231-7955;260 Oak Road;Cape Town.;20-Apr-25;"8;576.36 USD";South Africa
Elin Jones;elin-jones@yahoo.com;+4920616329;35 Main St;Munich;2023-05-14;"6;234.35";Germany
Oscar Larsson;oscar-larsson@gmail.com;+66-6139449;26 Oak Road;Chiang Mai;28/08/2024;"6;717.68";Thailand
Ella Svensson;ella-svensson@gmail.com;+333691559;138 Elm Street;Lyon;23.02.2023;"3;657;13 EUR";France
Noah Johansson;NOAH.JOHANSSON@BIZMAIL.NET;+27 921-2447174;166 Oak Road;JOHANNESBURG;2022-08-30;"8;129.88";South Africa
Klara Johnson;klara-johnson@hotmail com;(+39)95590599;253 Highway;Milan;"Nov 27; 2020";"3;324.02";Italy
Hugo Larsson;hugolarsson@company.co;+46 805-5269;242 King St;göteborg ;22-Mar-25;6 289.42 SEK;Sweden
OSCAR GUSTAFSSON;oscargustafsson@outlook..com;(+33)59848840;161 King St;Paris;06-Aug-22;"3;628.42 €";France
Nils Olsson;nilsolsson @ company.co;+81 905814770;47 Highway;Tokyo;2024-12-09;"USD 8;100.06";Japan
Isabella Gustafsson;gustafsson_isabella@yahoo.com;+55 156277963;210 Main St;Sao Paulo;01-May-25;"2;614.39 $";Brazil
Ethan Karlsson;ethan.karlsson@yahoo.com;(+81)3953767;288 Highway;Tokyo;10/01/2022;918.19;Japan
Isabella Larsson;isabella.larsson@yahoo.com;+46 325122572;11 Baker St;Stockholm;"Nov 06; 2020";4 743.56;Sweden
Lucas Williams;williams_lucas@outlook.com;+66 9665533;141 Elm Street;bangkok;" Feb 14; 2022 ";188.18 SEK;Thailand
Ethan Larsson;ETHAN-LARSSON @ YAHOO.COM;+46 984-54615;116 Oak Road;Stockholm; 2025-01-20 ;"3;798.85";Sweden
Ella Brown;ellabrown@company.co;+41 413432756;252 Elm Street;Geneva;2025-05-24;"6;987.84 SEK";Switzerland
Oscar Johnson;oscarjohnson@outlook com;(+46)156915452;250 Park Ave;Stockholm;03/27/24;"5;893.61 €";Sweden
Nils Andersson;nils.andersson@outlook.com;+1-52571509;120 Highway;New York;06/29/21;"4;290;69";USA
Nils Jones;jones_nils@hotmail.com;+27 973-27021;241 Park Ave;johannesburg ;16/03/2021;"5;297;80 EUR";South Africa
Liam Johansson;liam-johansson@gmail.com;+46 649-6935;154 King St;Stockholm;"Dec 30; 2022";"4;814.78";Sweden
Ava Pettersson;AVA.PETTERSSON@COMPANY.CO;8993588 +55;128 Elm Street;Rio de Janeiro;" Dec 05; 2023 ";"6;437.55 €";Brazil
Sophia Gustafsson;sophia-gustafsson@gmail.com;+468466845;271 Highway;Göteborg;"Nov 06; 2023";6 523.85;Sweden
Elin Smith;smith_elin@yahoo.com;(+46)93352904;90 Main St;GÖTEBORG;19/11/2020;"1;276.32";Sweden
Oscar Johansson;johansson_oscar@yahoo.com;+55-9356465193;282 Main St;Rio de Janeiro; 06.06.2022 ;"8;479.40";Brazil
Isabella Larsson;isabella-larsson@yahoo..com;+55964016582;225 Main St;sao paulo;2023-12-23;"6;793.83 USD";Brazil
Leo Svensson;svensson_leo@company..co;(+81)72318432;61 Park Ave;Osaka;25-Jun-23;"1;620;85";Japan
Oscar Persson;oscarpersson@company.co;+46-711305548;85 Elm Street;göteborg;22/03/2024;"9;302.86 EUR";Sweden
Alma Andersson;alma-andersson@company.co;+6627104054;193 Baker St;"Chiang Mai;";27-Mar-24;"4;318;92 €";Thailand
Klara Olsson;klaraolsson@outlook..com;+66852008943;57 Park Ave;bangkok;23.01.2021;"4;492.88 SEK";Thailand
Leo Nilsson;LEONILSSON@OUTLOOK.COM;61371504 +27;192 Highway;Cape Town.;15.06.2025;"SEK 4;546;01";South Africa
Liam Persson;persson_liam@bizmail.net;219933083 +55;170 Park Ave;Sao  Paulo;06-Sep-21;"EUR 8;807;67";Brazil
Sophia Smith;sophiasmith@yahoo.com;+81 257775478;144 King St;Tokyo;2024-04-23;"$ 8;922.13";Japan
Sophia Williams;williams_sophia@bizmail..net;4329271296 +55;245 Elm Street;rio de janeiro;"Aug 08; 2022";"€ 6;770.71";Brazil
Ava Jones;ava.jones@outlook.com;+49-69731121;220 Oak Road;Berlin;"Mar 01; 2024";"2;856.36";Germany
Sophia Larsson;sophia.larsson@hotmail.com;+49 19314919;190 Main St;Munich;22-May-21;"6;359;50 EUR";Germany
Emma Nilsson;emmanilsson@bizmail..net;+39 690705626;132 Main St;ROME;2022-03-25;"$ 9;522.13";Italy
Ethan Eriksson;eriksson_ethan@yahoo.com;+55 1586938;215 Highway;Sao Paulo;2022-06-22;"SEK 8;540.86";Brazil
Isabella Karlsson;isabellakarlsson@company.co;+39-1302056;95 Park Ave;Rome;18/06/2025;"USD 4;742.59";Italy
Ella Brown;ella.brown@company.co;+33950050702;269 Baker St;LYON ;05-Jun-21;"4;156.62";France
Erik Andersson;erik-andersson@outlook.com;+49-9329981;12 Oak Road;Munich;2022-11-15;"SEK 8;836.29";Germany
