sep=;
"Name";"Email";"Phone";"Address";"City";"Registration Date";"Total Spent";"Country"
"Oscar Nilsson";"nilsson_oscar@hotmail.com";"(+49) 014294019";"224 Highway";"Berlin";"2021-01-16";"5204.00 SEK";"Germany"
"Hugo Smith";"hugo-smith@company.co";"(+41) 7034824771";"123 Park Ave";"Geneva";"2023-05-21";"1548.17 SEK";"Switzerland"
"Liam Johansson";"liam-johansson@company.co";"(+66) 0229014";"227 Elm Street";"Bangkok";"2024-06-08";"5274.07";"Thailand"
"Noah Larsson";"";"(+33) 32288985";"185 Highway";"Lyon";"2022-12-20";"6107.77 EUR";"France"
"Nils Smith";"nils-smith@company.co";"(+27) 8893734670";"208 Park Ave";"Cape Town";"2023-01-02";"280.75 EUR";"South Africa"
"Olivia Olsson";"olivia-olsson@bizmail.net";"(+49) 757494902";"190 Highway";"Berlin";"2024-05-08";"4404.22 EUR";"Germany"
"Olivia Brown";"olivia-brown@hotmail.com";"(+55) 12661094";"227 King St";"Rio de Janeiro";"2024-09-17";"nan";"Brazil"
"Oscar Williams";"";"(+39) 9176936763";"55 King St";"Milan";"2021-01-28";"8484.88 EUR";"Italy"
"Nils Jones";"nils.jones@company.co";"(+81) 2545738";"232 Oak Road";"Osaka";"2024-06-06";"1651.90";"Japan"
"Oscar Persson";"oscarpersson@company.co";"(+49) 05943897";"63 King St";"Munich";"2022-03-18";"nan USD";"Germany"
"Sophia Svensson";"svensson_sophia@company.co";"(+81) 236687887";"43 Highway";"Osaka";"2022-10-01";"3623.48 EUR";"Japan"
"Noah Johnson";"johnson_noah@outlook.com";"(+33) 982274954";"75 Main St";"Paris";"2021-11-22";"2020.60";"France"
"Klara Jones";"klara-jones@company.co";"(+1) 58238687";"149 Park Ave";"Los Angeles";"2024-02-24";"3807.73 EUR";"USA"
"Ella Svensson";"ella-svensson@hotmail.com";"(+33) 78137674233";"213 Baker St";"Paris";"2025-08-29";"670.50";"France"
"Klara Johnson";"klara-johnson@hotmail.com";"(+39) 95590599";"253 Highway";"Milan";"2020-11-27";"3324.02";"Italy"
"Leo Persson";"";"(+66) 78681447";"252 Baker St";"Bangkok";"2023-04-17";"nan USD";"Thailand"
"Oscar Olsson";"oscar-olsson@yahoo.com";"(+27) 8272359";"32 King St";"Johannesburg";"2025-01-18";"nan";"South Africa"
"Ethan Brown";"ethan.brown@gmail.com";"(+66) 6974995641";"9 Park Ave";"Chiang Mai";"2024-09-06";"6264.33";"Thailand"
"Lucas Andersson";"lucasandersson@yahoo.com";"(+66) 64647154";"101 Elm Street";"Bangkok";"2024-04-10";"3302.12 EUR";"Thailand"
"Leo Larsson";"leo-larsson@bizmail.net";"(+55) 120092820";"233 Highway";"Rio de Janeiro";"2022-01-26";"2725.56 USD";"Brazil"
"Olivia Andersson";"";"(+81) 9966734595";"120 King St";"Osaka";"2024-01-13";"1648.62 USD";"Japan"
"Ava Larsson";"larsson_ava@outlook.com";"(+46) 140369656";"89 Elm Street";"Göteborg";"2023-02-19";"872863.00";"Sweden"
"Ethan Brown";"ethanbrown@hotmail.com";"(+49) 874016400";"135 Baker St";"Munich";"2025-09-30";"nan SEK";"Germany"
"Sophia Andersson";"sophia.andersson@company.co";"(+55) 738347359";"196 Highway";"Sao Paulo";"2021-07-28";"4811.10";"Brazil"
"Liam Smith";"liam.smith@outlook.com";"(+33) 6014672384";"64 Elm Street";"Paris";"2021-10-02";"5471.34 EUR";"France"
"Olivia Smith";"olivia.smith@outlook.com";"(+46) 0303662546";"197 Park Ave";"Göteborg";"2022-01-20";"nan USD";"Sweden"
"Ella Johnson";"ellajohnson@yahoo.com";"(+46) 58323024";"195 Park Ave";"Stockholm";"2022-02-21";"6612.48 SEK";"Sweden"
"Emma Larsson";"emma.larsson@hotmail.com";"(+46) 094353344";"61 Oak Road";"Göteborg";"2021-05-15";"5498.16 EUR";"Sweden"
"Leo Nilsson";"";"(+41) 1675677002";"85 Elm Street";"Geneva";"2023-12-27";"5542.30 SEK";"Switzerland"
"Ella Johansson";"johansson_ella@outlook.com";"(+81) 979270335";"58 Park Ave";"Tokyo";"2025-05-24";"6941.01 USD";"Japan"
"Ella Brown";"ellabrown@outlook.com";"(+55) 700766177";"76 Main St";"Sao Paulo";"2022-12-07";"4542.62";"Brazil"
"Isabella Pettersson";"isabellapettersson@gmail.com";"(+39) 571617688";"67 Oak Road";"Rome";"2024-12-12";"5329.37";"Italy"
"Leo Brown";"brown_leo@company.co";"(+55) 3711624";"76 Elm Street";"Rio de Janeiro";"2024-08-15";"4744.31 EUR";"Brazil"
"Alma Johnson";"alma-johnson@bizmail.net";"(+81) 70289517";"74 Elm Street";"Tokyo";"2024-09-05";"8519.14 SEK";"Japan"
"Olivia Johansson";"olivia-johansson@gmail.com";"(+55) 14565328";"220 Elm Street";"Sao Paulo";"2024-08-15";"nan";"Brazil"
"Liam Andersson";"liam.andersson@gmail.com";"(+27) 68277880027";"98 King St";"Cape Town";"2022-02-03";"9205.38";"South Africa"
"Olivia Andersson";"oliviaandersson@bizmail.net";"(+81) 4742312209";"119 Highway";"Tokyo";"2023-06-21";"6051.07 USD";"Japan"
"Emma Karlsson";"emmakarlsson@gmail.com";"(+27) 5183473";"293 Highway";"Cape Town";"2021-04-05";"4241.55 USD";"South Africa"
"Erik Williams";"erikwilliams@gmail.com";"(+49) 985240132249";"67 Main St";"Munich";"2025-01-16";"1087.10";"Germany"
"Ella Larsson";"ellalarsson@outlook.com";"(+66) 281685054";"249 Baker St";"Bangkok";"2023-10-28";"387.10";"Thailand"
"Oscar Johnson";"";"(+55) 9056965917";"255 Highway";"Sao Paulo";"2023-03-29";"8474.87";"Brazil"
"Nils Svensson";"nils.svensson@bizmail.net";"(+39) 987635139";"154 Elm Street";"Milan";"2023-09-08";"5480.15";"Italy"
"Klara Williams";"klara.williams@outlook.com";"(+46) 549180172";"214 Park Ave";"Göteborg";"2024-04-17";"nan";"Sweden"
"Sophia Smith";"sophia-smith@outlook.com";"(+27) 91725135";"46 King St";"Cape Town";"2022-04-14";"687.27 USD";"South Africa"
"Ethan Svensson";"ethan-svensson@hotmail.com";"(+1) 20234132";"243 Highway";"New York";"2021-05-18";"852.27";"USA"
"Noah Larsson";"noah-larsson@yahoo.com";"(+55) 995298055";"171 Oak Road";"Sao Paulo";"2022-10-29";"1578.36 EUR";"Brazil"
"Isabella Smith";"smith_isabella@hotmail.com";"(+55) 59090225955";"294 King St";"Rio de Janeiro";"2021-11-07";"nan";"Brazil"
"Oscar Jones";"";"(+55) 525782841";"75 Elm Street";"Sao Paulo";"2023-08-23";"nan SEK";"Brazil"
"Astrid Brown";"brown_astrid@gmail.com";"(+46) 21610705";"100 Park Ave";"Göteborg";"2022-07-28";"9862.84";"Sweden"
"Ava Persson";"ava.persson@yahoo.com";"(+55) 13614878";"170 Elm Street";"Rio de Janeiro";"2024-01-17";"8343.37 USD";"Brazil"
"Leo Johnson";"johnson_leo@company.co";"(+66) 500902559";"195 Main St";"Bangkok";"2022-09-03";"5929.39";"Thailand"
"Isabella Williams";"isabella-williams@company.co";"(+1) 26842450";"22 Main St";"Los Angeles";"2024-12-28";"nan";"USA"
"Leo Johnson";"leo.johnson@yahoo.com";"(+46) 98259526";"173 Highway";"Göteborg";"2025-05-15";"6741.33 EUR";"Sweden"
"Liam Johnson";"liamjohnson@yahoo.com";"(+27) 249451475427";"77 King St";"Johannesburg";"2025-03-14";"nan";"South Africa"
"Emma Jones";"emma.jones@company.co";"(+1) 49551121";"243 Oak Road";"Los Angeles";"2023-12-26";"8591.44 EUR";"USA"
"Alma Olsson";"almaolsson@company.co";"(+49) 6464911110";"279 Main St";"Munich";"2025-07-28";"nan";"Germany"
"Ava Olsson";"avaolsson@bizmail.net";"(+27) 742333059127";"193 Elm Street";"Cape Town";"2021-10-20";"5159.20 USD";"South Africa"
"Erik Svensson";"erik.svensson@yahoo.com";"(+49) 9855241406";"110 King St";"Munich";"2023-09-04";"9671.71";"Germany"
"Isabella Persson";"isabella.persson@outlook.com";"(+66) 9588373";"77 Park Ave";"Chiang Mai";"2021-01-14";"2857.79 EUR";"Thailand"
"Oscar Gustafsson";"gustafsson_oscar@bizmail.net";"(+46) 535778811646";"7 Baker St";"Stockholm";"2021-06-07";"4956.89";"Sweden"
"Ava Jones";"avajones@outlook.com";"(+39) 09938425";"65 King St";"Rome";"2025-03-12";"6152.72 EUR";"Italy"
"Mia Pettersson";"pettersson_mia@gmail.com";"(+55) 693929060";"259 Main St";"Sao Paulo";"2021-05-06";"840.08";"Brazil"
"Leo Nilsson";"leo-nilsson@company.co";"(+33) 4413845";"186 Oak Road";"Lyon";"2021-06-29";"3216.68 USD";"France"
"Olivia Olsson";"oliviaolsson@outlook.com";"(+81) 3315520";"109 Elm Street";"Tokyo";"2021-01-15";"4116.86";"Japan"
"Olivia Svensson";"svensson_olivia@yahoo.com";"(+41) 8985625753";"207 Main St";"Zurich";"2021-09-29";"6508.90 EUR";"Switzerland"
"Oscar Gustafsson";"";"(+33) 59848840";"161 King St";"Paris";"2022-08-06";"3628.42 EUR";"France"
"Mia Larsson";"larsson_mia@yahoo.com";"(+39) 0842710";"175 Baker St";"Milan";"2021-02-28";"5774.44";"Italy"
"Elin Persson";"elin.persson@bizmail.net";"(+81) 500534240";"299 Main St";"Tokyo";"2024-04-22";"2069.53 EUR";"Japan"
"Ethan Pettersson";"ethan-pettersson@bizmail.net";"(+66) 28277288";"17 Park Ave";"Chiang Mai";"2025-07-29";"nan USD";"Thailand"
"Olivia Karlsson";"karlsson_olivia@bizmail.net";"(+33) 9137367850";"260 Elm Street";"Paris";"2025-09-14";"2502.41 EUR";"France"
"Sophia Eriksson";"sophiaeriksson@yahoo.com";"(+81) 4103977381";"91 Elm Street";"Osaka";"2021-09-09";"9625.12 USD";"Japan"
"Erik Svensson";"erik.svensson@hotmail.com";"(+46) 043350488";"49 Main St";"Stockholm";"2022-03-13";"3010.02 EUR";"Sweden"
"Leo Eriksson";"leo.eriksson@gmail.com";"(+46) 497501946";"105 Highway";"Göteborg";"2024-01-08";"3015.91 USD";"Sweden"
"Olivia Persson";"oliviapersson@company.co";"(+41) 1659266108";"80 Elm Street";"Zurich";"2025-04-16";"9842.02 EUR";"Switzerland"
"Liam Eriksson";"liam-eriksson@gmail.com";"(+66) 1730985";"129 Elm Street";"Chiang Mai";"2021-03-20";"8533.42 SEK";"Thailand"
"Astrid Pettersson";"";"(+33) 5823133484";"154 Highway";"Lyon";"2023-07-01";"6105.13 USD";"France"
"Astrid Gustafsson";"astrid.gustafsson@yahoo.com";"(+33) 9278687653";"256 King St";"Paris";"2024-01-11";"388.27";"France"
"Klara Gustafsson";"gustafsson_klara@bizmail.net";"(+49) 28685289";"282 Oak Road";"Munich";"2022-08-11";"5460.81 SEK";"Germany"
"Ethan Williams";"ethan.williams@outlook.com";"(+81) 0409013";"267 King St";"Tokyo";"2022-09-07";"3437.34 USD";"Japan"
"Noah Larsson";"noah.larsson@gmail.com";"(+55) 869261796";"228 Elm Street";"Rio de Janeiro";"2024-05-30";"2766.06";"Brazil"
"Oscar Andersson";"andersson_oscar@bizmail.net";"(+55) 2966851655";"245 Oak Road";"Sao Paulo";"2022-04-17";"7231.60 USD";"Brazil"
"Ella Olsson";"ella.olsson@gmail.com";"(+1) 555989531";"45 Main St";"Los Angeles";"2025-02-10";"1937.35";"USA"
"Liam Karlsson";"liam-karlsson@outlook.com";"(+49) 774964990949";"109 Oak Road";"Munich";"2023-02-01";"4704.43 USD";"Germany"
"Klara Olsson";"klara.olsson@gmail.com";"(+55) 06345911";"67 King St";"Sao Paulo";"2025-10-09";"nan SEK";"Brazil"
"Erik Johansson";"erik.johansson@bizmail.net";"(+66) 7451713";"180 King St";"Chiang Mai";"2021-12-15";"5705.04 USD";"Thailand"
"Mia Gustafsson";"gustafsson_mia@yahoo.com";"(+81) 183437401";"72 Elm Street";"Osaka";"2020-12-26";"6298.43 USD";"Japan"
"Astrid Smith";"astrid-smith@company.co";"(+66) 8040850954";"223 King St";"Bangkok";"2023-11-25";"9325.40 USD";"Thailand"
"Ella Pettersson";"ellapettersson@hotmail.com";"(+33) 32971674";"10 Oak Road";"Lyon";"2023-08-15";"nan";"France"
"Emma Pettersson";"emmapettersson@bizmail.net";"(+1) 2309130756";"257 King St";"New York";"2024-02-10";"5613.26 EUR";"USA"
"Liam Persson";"liam.persson@company.co";"";"176 King St";"Lyon";"2022-01-29";"8061.51 USD";"France"
"Liam Karlsson";"liam-karlsson@bizmail.net";"(+46) 546015851";"104 Baker St";"Stockholm";"2022-12-25";"359902.00 EUR";"Sweden"
"Oscar Brown";"oscar.brown@bizmail.net";"(+66) 7982708086";"91 Park Ave";"Chiang Mai";"2024-03-12";"3852.78 SEK";"Thailand"
"Ava Johansson";"johansson_ava@bizmail.net";"(+66) 101372151";"294 Elm Street";"Bangkok";"2022-12-10";"2757.07";"Thailand"
"Ethan Johansson";"ethanjohansson@yahoo.com";"(+39) 1790807";"295 King St";"Milan";"2023-10-01";"1291.18 SEK";"Italy"
"Klara Nilsson";"nilsson_klara@hotmail.com";"(+46) 9078263337";"240 Park Ave";"Stockholm";"2024-09-16";"nan SEK";"Sweden"
"Ava Johansson";"ava.johansson@hotmail.com";"(+66) 1449429666";"72 Park Ave";"Chiang Mai";"2022-07-04";"9271.92";"Thailand"
"Nils Johnson";"nils-johnson@bizmail.net";"(+66) 146074555";"167 Elm Street";"Bangkok";"2023-12-05";"7409.64 USD";"Thailand"
"Astrid Svensson";"astridsvensson@gmail.com";"(+55) 5469681579";"121 Oak Road";"Sao Paulo";"2021-03-25";"5004.50 USD";"Brazil"
"Olivia Olsson";"";"(+39) 696325953";"256 Oak Road";"Milan";"2022-02-23";"496.09 EUR";"Italy"
"Alma Williams";"";"(+33) 48193466";"9 Elm Street";"Paris";"2025-01-13";"nan USD";"France"
"Hugo Olsson";"hugoolsson@yahoo.com";"(+55) 1557998";"63 Baker St";"Sao Paulo";"2022-01-03";"nan";"Brazil"
"Emma Larsson";"emma-larsson@hotmail.com";"(+55) 7793238";"43 Park Ave";"Rio de Janeiro";"2022-01-24";"6597.10 EUR";"Brazil"
"Isabella Pettersson";"";"(+39) 571617688";"67 Oak Road";"Rome";"2024-12-12";"5329.37";"Italy"
"Olivia Smith";"oliviasmith@yahoo.com";"(+1) 9600133";"280 Elm Street";"New York";"2024-09-16";"1563.24";"USA"
"Emma Gustafsson";"gustafsson_emma@company.co";"(+46) 7580304687";"42 Highway";"Göteborg";"2021-03-19";"3298.95";"Sweden"
"Ava Johnson";"ava-johnson@gmail.com";"(+1) 601367303";"107 Elm Street";"New York";"2024-11-17";"5500.30 USD";"USA"
"Ella Olsson";"";"(+66) 8186702";"127 Main St";"Chiang Mai";"2021-07-13";"8621.22 USD";"Thailand"
"Lucas Gustafsson";"gustafsson_lucas@gmail.com";"(+33) 1918623";"92 King St";"Paris";"2021-04-18";"5744.29 EUR";"France"
"Liam Gustafsson";"liam-gustafsson@company.co";"(+1) 129578606";"200 Main St";"New York";"2024-01-27";"5328.32 EUR";"USA"
"Noah Persson";"noah.persson@gmail.com";"(+81) 09184357";"264 Elm Street";"Tokyo";"2022-08-08";"8735.61";"Japan"
"Klara Persson";"klarapersson@gmail.com";"(+55) 7784873";"240 Oak Road";"Sao Paulo";"2023-10-10";"nan SEK";"Brazil"
"Lucas Svensson";"lucas-svensson@outlook.com";"(+46) 6447264908";"47 Park Ave";"Göteborg";"2023-11-11";"3241.37 USD";"Sweden"
"Mia Jones";"jones_mia@gmail.com";"(+33) 762702324";"105 Elm Street";"Paris";"2022-11-23";"3453.67 SEK";"France"
"Ella Svensson";"ellasvensson@company.co";"(+55) 912711307";"272 Elm Street";"Sao Paulo";"2021-12-26";"4314.18 USD";"Brazil"
"Noah Svensson";"noah.svensson@yahoo.com";"(+81) 4731781081";"48 King St";"Tokyo";"2023-01-17";"31.53 EUR";"Japan"
"Emma Brown";"emma-brown@gmail.com";"(+66) 2314290";"174 King St";"Bangkok";"2023-04-15";"4794.29 USD";"Thailand"
"Erik Williams";"erik-williams@hotmail.com";"(+39) 9086416862";"203 Park Ave";"Milan";"2022-02-26";"4306.36";"Italy"
"Emma Eriksson";"eriksson_emma@bizmail.net";"(+81) 3218122764";"125 King St";"Tokyo";"2021-01-09";"392.49 SEK";"Japan"
"Nils Olsson";"nilsolsson@gmail.com";"(+1) 831997179";"18 Elm Street";"New York";"2021-02-07";"nan USD";"USA"
"Olivia Pettersson";"olivia.pettersson@gmail.com";"(+1) 2385037";"19 Oak Road";"New York";"2021-04-01";"1303.35";"USA"
"Nils Jones";"nils.jones@bizmail.net";"(+1) 9405396727";"142 Elm Street";"New York";"2024-05-11";"nan USD";"USA"
"Astrid Persson";"astridpersson@company.co";"(+46) 85677005";"141 King St";"Göteborg";"2022-12-02";"8983.28 USD";"Sweden"
"Hugo Larsson";"hugo.larsson@yahoo.com";"(+27) 309883920";"81 Main St";"Johannesburg";"2024-01-31";"7371.89 USD";"South Africa"
"Ava Olsson";"ava.olsson@bizmail.net";"(+27) 742333059127";"193 Elm Street";"Cape Town";"2021-10-20";"5159.20 USD";"South Africa"
"Erik Olsson";"erik-olsson@gmail.com";"(+49) 9375150939";"143 Baker St";"Munich";"2021-04-14";"4909.75 SEK";"Germany"
"Leo Johansson";"leojohansson@gmail.com";"(+33) 9880858333";"192 Baker St";"Paris";"2025-10-07";"9422.50";"France"
"Emma Karlsson";"emma-karlsson@gmail.com";"(+55) 0050506138";"275 Baker St";"Rio de Janeiro";"2024-06-18";"9181.01 EUR";"Brazil"
"Oscar Persson";"oscarpersson@gmail.com";"(+41) 448850141";"292 Highway";"Geneva";"2024-07-26";"7974.57";"Switzerland"
"Noah Larsson";"noah.larsson@gmail.com";"(+81) 999827950";"195 King St";"Tokyo";"2021-07-20";"2751.44 EUR";"Japan"
"Nils Pettersson";"pettersson_nils@company.co";"(+81) 2047196094";"228 Main St";"Osaka";"2020-05-11";"8559.84 SEK";"Japan"
"Olivia Johnson";"johnson_olivia@yahoo.com";"(+81) 3330212606";"298 Main St";"Osaka";"2021-08-03";"134.65";"Japan"
"Lucas Johnson";"lucas-johnson@outlook.com";"(+81) 1639282341";"220 Baker St";"Tokyo";"2021-10-24";"591605.00";"Japan"
"Noah Brown";"brown_noah@company.co";"(+41) 414967393";"93 Oak Road";"Geneva";"2023-09-28";"nan";"Switzerland"
"Ella Williams";"";"(+66) 535218188";"76 Baker St";"Chiang Mai";"2025-01-19";"9513.41 EUR";"Thailand"
"Hugo Persson";"hugo-persson@company.co";"(+55) 477320155";"14 Baker St";"Rio de Janeiro";"2021-05-03";"5204.29";"Brazil"
"Liam Jones";"jones_liam@company.co";"(+41) 71894905";"263 Elm Street";"Zurich";"2022-06-13";"6953.56 USD";"Switzerland"
"Oscar Olsson";"olsson_oscar@outlook.com";"(+49) 823662994";"147 Baker St";"Munich";"2023-11-04";"4737.13 EUR";"Germany"
"Erik Williams";"erikwilliams@bizmail.net";"(+33) 160481754";"191 Main St";"Paris";"2022-08-20";"641.54 USD";"France"
"Astrid Svensson";"astrid-svensson@hotmail.com";"(+49) 7704605";"226 Elm Street";"Berlin";"2024-01-18";"3670.98";"Germany"
"Sophia Persson";"sophiapersson@company.co";"(+41) 2071002194";"244 Park Ave";"Geneva";"2022-02-19";"385.84 EUR";"Switzerland"
"Erik Olsson";"olsson_erik@gmail.com";"(+1) 016731882";"80 King St";"Los Angeles";"2023-03-14";"nan";"USA"
"Lucas Johnson";"lucas.johnson@company.co";"(+41) 717957602441";"119 Highway";"Zurich";"2025-09-07";"1320.27 USD";"Switzerland"
"Olivia Persson";"";"(+55) 384444630";"192 King St";"Sao Paulo";"2024-01-02";"9735.17 SEK";"Brazil"
"Leo Svensson";"";"(+81) 72318432";"61 Park Ave";"Osaka";"2023-06-25";"nan";"Japan"
"Ethan Andersson";"ethan.andersson@yahoo.com";"(+81) 549471709";"100 Highway";"Tokyo";"2025-05-09";"nan EUR";"Japan"
"Elin Eriksson";"elin-eriksson@hotmail.com";"(+33) 352090421";"176 Baker St";"Lyon";"2024-03-23";"5532.03 EUR";"France"
"Noah Larsson";"noah.larsson@hotmail.com";"(+66) 0339937";"59 Oak Road";"Bangkok";"2023-01-30";"8862.70 SEK";"Thailand"
"Lucas Pettersson";"lucas-pettersson@gmail.com";"(+55) 957885685";"129 Baker St";"Rio de Janeiro";"2024-08-31";"7388.66 SEK";"Brazil"
"Noah Pettersson";"noahpettersson@outlook.com";"(+1) 210470952";"213 Baker St";"Los Angeles";"2023-08-11";"2577.13 USD";"USA"
"Erik Johnson";"erik.johnson@company.co";"(+81) 6767721903";"148 Baker St";"Osaka";"2023-08-30";"2686.21 USD";"Japan"
"Hugo Olsson";"hugoolsson@yahoo.com";"(+41) 325797041";"250 Baker St";"Geneva";"2024-05-19";"nan USD";"Switzerland"
"Erik Larsson";"erik.larsson@yahoo.com";"(+33) 7778097";"233 Elm Street";"Lyon";"2024-04-27";"2084.30";"France"
"Astrid Andersson";"andersson_astrid@outlook.com";"(+27) 02716938";"236 Elm Street";"Johannesburg";"2023-05-10";"7119.36 EUR";"South Africa"
"Olivia Eriksson";"oliviaeriksson@bizmail.net";"(+66) 8119953766";"54 King St";"Chiang Mai";"2024-05-21";"nan";"Thailand"
"Liam Williams";"liamwilliams@company.co";"(+1) 511047541";"286 Highway";"New York";"2025-03-12";"133.28";"USA"
"Oscar Johnson";"oscarjohnson@outlook.com";"(+46) 156915452";"250 Park Ave";"Stockholm";"2024-03-27";"5893.61 EUR";"Sweden"
"Alma Johansson";"alma-johansson@bizmail.net";"(+49) 6781126";"87 Main St";"Berlin";"2023-01-23";"4252.80 USD";"Germany"
"Isabella Persson";"isabellapersson@yahoo.com";"(+49) 149368998";"137 Main St";"Munich";"2020-10-30";"5667.55";"Germany"
"Olivia Smith";"olivia-smith@yahoo.com";"(+39) 8811729";"221 Highway";"Rome";"2025-04-18";"3818.55";"Italy"
"Ava Gustafsson";"ava.gustafsson@company.co";"(+66) 805891135266";"205 King St";"Bangkok";"2023-08-29";"5809.38 SEK";"Thailand"
"Astrid Larsson";"astrid.larsson@gmail.com";"(+41) 5060983584";"282 Oak Road";"Geneva";"2021-05-04";"nan";"Switzerland"
"Erik Williams";"williams_erik@bizmail.net";"(+39) 8324210";"292 Oak Road";"Milan";"2022-04-28";"4383.21 SEK";"Italy"
"Nils Karlsson";"karlsson_nils@hotmail.com";"(+81) 68315893";"218 King St";"Osaka";"2021-12-31";"6771.46 SEK";"Japan"
"Alma Smith";"almasmith@gmail.com";"(+46) 568044731";"193 Oak Road";"Stockholm";"2022-05-23";"2453.69 EUR";"Sweden"
"Ava Gustafsson";"avagustafsson@hotmail.com";"(+39) 04439735";"6 Elm Street";"Rome";"2024-10-17";"7363.68";"Italy"
"Hugo Johnson";"";"(+41) 4455618579";"233 Elm Street";"Geneva";"2021-05-16";"8256.31 EUR";"Switzerland"
"Klara Olsson";"klara-olsson@bizmail.net";"(+55) 880395512";"193 Park Ave";"Sao Paulo";"2021-06-14";"nan USD";"Brazil"
"Astrid Andersson";"astrid.andersson@bizmail.net";"(+27) 712814429";"58 Highway";"Cape Town";"2025-04-29";"7010.74 EUR";"South Africa"
"Mia Eriksson";"mia-eriksson@hotmail.com";"(+1) 903521356";"90 Main St";"Los Angeles";"2021-04-29";"7940.16";"USA"
"Nils Persson";"nilspersson@yahoo.com";"(+49) 129592728";"20 Highway";"Berlin";"2021-05-26";"nan EUR";"Germany"
"Oscar Karlsson";"oscarkarlsson@yahoo.com";"(+1) 3577908";"17 Elm Street";"Los Angeles";"2023-10-18";"803.68 EUR";"USA"
"Mia Jones";"miajones@outlook.com";"(+66) 335670860";"180 Park Ave";"Chiang Mai";"2024-12-21";"nan SEK";"Thailand"
"Noah Williams";"";"(+39) 86204485";"45 Highway";"Rome";"2021-12-04";"6269.98";"Italy"
"Lucas Pettersson";"lucas.pettersson@gmail.com";"(+81) 5280924287";"163 Park Ave";"Osaka";"2023-08-06";"9263.11 USD";"Japan"
"Ella Brown";"";"(+55) 700766177";"76 Main St";"Sao Paulo";"2022-12-07";"4542.62";"Brazil"
"Olivia Brown";"oliviabrown@yahoo.com";"(+66) 68653694";"163 Highway";"Bangkok";"2023-05-26";"nan EUR";"Thailand"
"Astrid Smith";"smith_astrid@hotmail.com";"(+49) 1718227";"217 Baker St";"Munich";"2023-01-13";"4386.62";"Germany"
"Liam Smith";"smith_liam@company.co";"(+39) 9887749242";"148 King St";"Milan";"2024-06-04";"2859.61";"Italy"
"Hugo Larsson";"hugo-larsson@company.co";"(+66) 1484399";"74 Elm Street";"Bangkok";"2022-02-26";"6464.39";"Thailand"
"Emma Persson";"emma.persson@yahoo.com";"(+39) 023741678";"167 King St";"Rome";"2025-07-10";"9577.21";"Italy"
"Elin Svensson";"elin-svensson@gmail.com";"(+33) 741011933";"255 Baker St";"Lyon";"2024-09-20";"5750.66 SEK";"France"
"Noah Johansson";"noahjohansson@bizmail.net";"(+49) 6300979";"81 Elm Street";"Munich";"2024-04-20";"6449.30";"Germany"
"Hugo Larsson";"hugolarsson@company.co";"(+46) 8055269";"242 King St";"Göteborg";"2025-03-22";"6289.42 SEK";"Sweden"
"Klara Johansson";"johansson_klara@outlook.com";"(+39) 6980420";"139 Main St";"Rome";"2025-07-29";"1087.84";"Italy"
"Isabella Larsson";"";"(+27) 0422325367";"213 Elm Street";"Cape Town";"2024-12-31";"8774.40 EUR";"South Africa"
"Oscar Johnson";"johnson_oscar@yahoo.com";"(+46) 59893347";"89 Park Ave";"Stockholm";"2021-11-07";"2557.61 EUR";"Sweden"
"Mia Karlsson";"mia-karlsson@gmail.com";"(+46) 31279757";"195 Park Ave";"Göteborg";"2023-09-28";"7871.33 SEK";"Sweden"
"Hugo Karlsson";"hugo.karlsson@yahoo.com";"(+46) 61764750";"261 Baker St";"Göteborg";"2024-12-22";"1819.15 EUR";"Sweden"
"Elin Johansson";"elinjohansson@bizmail.net";"(+46) 283999219246";"292 King St";"Stockholm";"2024-08-06";"6932.93 SEK";"Sweden"
"Alma Johnson";"almajohnson@gmail.com";"(+46) 5593429";"40 Main St";"Stockholm";"2022-10-19";"3034.16 USD";"Sweden"
"Isabella Johansson";"isabellajohansson@gmail.com";"(+33) 207446660";"98 Oak Road";"Paris";"2024-07-24";"nan SEK";"France"
"Nils Brown";"nilsbrown@outlook.com";"(+46) 1397187072";"287 Elm Street";"Göteborg";"2024-12-23";"462.45 USD";"Sweden"
"Noah Johnson";"noah.johnson@gmail.com";"(+49) 723046184";"54 Highway";"Munich";"2024-03-18";"8316.67 USD";"Germany"
"Sophia Jones";"sophia.jones@outlook.com";"(+41) 9904137977";"74 King St";"Zurich";"2021-09-26";"9224.30";"Switzerland"
"Liam Eriksson";"liam.eriksson@outlook.com";"";"236 Main St";"Osaka";"2021-06-12";"nan USD";"Japan"
"Olivia Persson";"";"(+33) 66552899";"236 Oak Road";"Paris";"2023-09-05";"1467.25 USD";"France"
"Liam Smith";"liamsmith@yahoo.com";"(+1) 43410361";"57 King St";"New York";"2024-10-28";"25.63 EUR";"USA"
"Ella Eriksson";"ellaeriksson@outlook.com";"(+1) 17807823";"269 Oak Road";"Los Angeles";"2023-10-09";"2059.82 USD";"USA"
"Leo Karlsson";"leo.karlsson@hotmail.com";"(+33) 7625153814";"2 Park Ave";"Lyon";"2024-05-26";"36394.00 EUR";"France"
"Lucas Gustafsson";"lucas-gustafsson@bizmail.net";"(+81) 1990623445";"163 Elm Street";"Osaka";"2024-01-28";"nan EUR";"Japan"
"Lucas Larsson";"larsson_lucas@hotmail.com";"(+49) 1576764";"261 Main St";"Munich";"2023-05-04";"1775.46";"Germany"
"Klara Johansson";"klarajohansson@outlook.com";"(+66) 4546553585";"127 King St";"Chiang Mai";"2023-08-23";"3141.71 EUR";"Thailand"
"Sophia Karlsson";"sophia-karlsson@yahoo.com";"(+39) 3128403";"245 Elm Street";"Milan";"2021-06-13";"1981.99";"Italy"
"Ava Brown";"ava-brown@company.co";"(+66) 8509608";"295 Oak Road";"Chiang Mai";"2025-03-04";"7987.92 USD";"Thailand"
"Alma Brown";"alma-brown@bizmail.net";"(+33) 5676670806";"155 King St";"Paris";"2025-09-19";"nan EUR";"France"
"Sophia Williams";"williams_sophia@outlook.com";"(+1) 6016621";"229 Highway";"Los Angeles";"2025-05-02";"nan";"USA"
"Sophia Svensson";"sophiasvensson@gmail.com";"(+66) 17342069";"189 Baker St";"Bangkok";"2023-05-05";"2252.59 EUR";"Thailand"
"Erik Brown";"brown_erik@bizmail.net";"(+55) 29456255";"58 Oak Road";"Sao Paulo";"2024-07-01";"4062.80 USD";"Brazil"
"Hugo Williams";"hugo.williams@bizmail.net";"(+49) 9562017537";"144 Park Ave";"Berlin";"2025-04-30";"9801.39 USD";"Germany"
"Lucas Nilsson";"lucas-nilsson@gmail.com";"(+33) 72450184";"242 Baker St";"Paris";"2021-08-28";"7544.96";"France"
"Klara Pettersson";"klarapettersson@hotmail.com";"(+33) 5009788";"96 Main St";"Paris";"2025-10-15";"5949.25 SEK";"France"
"Elin Karlsson";"karlsson_elin@gmail.com";"(+81) 2634755752";"298 Oak Road";"Tokyo";"2023-10-25";"6959.40";"Japan"
"Isabella Eriksson";"isabellaeriksson@company.co";"(+33) 833394522";"60 King St";"Paris";"2023-02-19";"8415.48";"France"
"Sophia Smith";"sophia.smith@outlook.com";"(+27) 5349678";"57 Park Ave";"Johannesburg";"2022-04-09";"9930.84";"South Africa"
"Ava Nilsson";"avanilsson@gmail.com";"(+39) 6918362644";"196 Highway";"Milan";"2021-04-18";"7769.14 USD";"Italy"
"Isabella Karlsson";"isabella-karlsson@company.co";"(+49) 023290282";"32 Highway";"Berlin";"2023-02-14";"1754.63 EUR";"Germany"
"Nils Karlsson";"karlsson_nils@yahoo.com";"(+49) 7026728849";"129 Highway";"Munich";"2023-06-20";"7448.49 USD";"Germany"
"Erik Olsson";"olsson_erik@outlook.com";"(+27) 7303379";"170 King St";"Cape Town";"2022-10-31";"309.88 USD";"South Africa"
"Oscar Svensson";"oscarsvensson@bizmail.net";"(+1) 2871539";"196 Park Ave";"New York";"2022-01-18";"885.93 USD";"USA"
"Alma Karlsson";"alma-karlsson@company.co";"(+33) 603248433";"112 Elm Street";"Lyon";"2023-08-17";"1656.74";"France"
"Alma Nilsson";"nilsson_alma@company.co";"(+39) 555746966";"210 Oak Road";"Milan";"2025-05-21";"nan USD";"Italy"
"Hugo Andersson";"andersson_hugo@outlook.com";"(+46) 3878294565";"23 King St";"Stockholm";"2021-05-08";"8364.63 SEK";"Sweden"
"Noah Karlsson";"noah.karlsson@outlook.com";"(+1) 0514054";"201 Park Ave";"New York";"2024-12-14";"8076.87 USD";"USA"
"Klara Jones";"klara.jones@hotmail.com";"(+1) 85691463";"60 Elm Street";"New York";"2021-10-12";"1380.75 USD";"USA"
"Ethan Olsson";"ethan.olsson@gmail.com";"(+41) 4132834831";"19 Baker St";"Geneva";"2023-08-05";"5886.52";"Switzerland"
"Isabella Andersson";"andersson_isabella@outlook.com";"(+33) 70589578";"159 Elm Street";"Lyon";"2025-05-31";"9724.07 USD";"France"
"Emma Johansson";"emmajohansson@yahoo.com";"(+1) 6226838851";"10 Elm Street";"Los Angeles";"2024-10-10";"1160.58";"USA"
"Klara Johansson";"klara-johansson@yahoo.com";"(+66) 5654527";"222 Main St";"Chiang Mai";"2023-12-12";"nan EUR";"Thailand"
"Alma Pettersson";"pettersson_alma@outlook.com";"(+81) 754858193281";"224 Highway";"Tokyo";"2023-03-28";"262.70 EUR";"Japan"
"Astrid Gustafsson";"astrid.gustafsson@yahoo.com";"(+46) 7079334960";"222 Elm Street";"Stockholm";"2022-06-05";"4866.15 SEK";"Sweden"
"Emma Williams";"emma.williams@bizmail.net";"(+39) 78742967";"165 Park Ave";"Milan";"2024-07-05";"5505.47 EUR";"Italy"
"Leo Olsson";"leoolsson@hotmail.com";"(+81) 1584156082";"57 Main St";"Tokyo";"2023-03-30";"838.84 SEK";"Japan"
"Klara Svensson";"svensson_klara@yahoo.com";"(+66) 8788443";"88 Baker St";"Bangkok";"2022-09-05";"nan EUR";"Thailand"
"Ella Larsson";"ella-larsson@gmail.com";"(+1) 4432701";"214 Elm Street";"Los Angeles";"2023-06-18";"1336.77 SEK";"USA"
"Isabella Persson";"persson_isabella@yahoo.com";"(+46) 923226025646";"137 Baker St";"Göteborg";"2022-01-16";"nan";"Sweden"
"Klara Olsson";"klara-olsson@company.co";"(+1) 7175355609";"284 Highway";"Los Angeles";"2022-12-04";"4998.02 USD";"USA"
"Ava Karlsson";"karlsson_ava@company.co";"(+55) 821759464";"197 King St";"Sao Paulo";"2024-09-19";"8302.08";"Brazil"
"Mia Nilsson";"mia-nilsson@hotmail.com";"(+55) 5867342";"158 Main St";"Sao Paulo";"2021-06-02";"6719.27 USD";"Brazil"
"Hugo Gustafsson";"gustafsson_hugo@yahoo.com";"(+39) 8610313100";"52 Oak Road";"Rome";"2021-05-13";"nan";"Italy"
"Mia Johnson";"johnson_mia@outlook.com";"(+41) 56394278";"6 Park Ave";"Geneva";"2025-01-15";"1600.63 SEK";"Switzerland"
"Lucas Andersson";"lucasandersson@bizmail.net";"(+49) 0401041";"195 Oak Road";"Berlin";"2022-02-08";"nan EUR";"Germany"
"Noah Brown";"noah.brown@company.co";"(+27) 695489952";"255 Elm Street";"Cape Town";"2021-11-18";"4654.21 EUR";"South Africa"
"Erik Jones";"erik.jones@outlook.com";"(+81) 5807412094";"44 Baker St";"Tokyo";"2023-09-21";"5031.36 USD";"Japan"
"Liam Persson";"liam-persson@outlook.com";"(+27) 5890429";"70 Oak Road";"Cape Town";"2022-10-17";"5300.83";"South Africa"
"Ethan Persson";"ethan-persson@gmail.com";"(+46) 45587716";"75 King St";"Stockholm";"2024-01-01";"722.73";"Sweden"
"Nils Pettersson";"";"(+55) 158331170";"198 Baker St";"Rio de Janeiro";"2023-09-05";"nan EUR";"Brazil"
"Elin Olsson";"";"(+55) 52373605";"51 King St";"Sao Paulo";"2024-08-01";"3947.91 SEK";"Brazil"
"Liam Pettersson";"liampettersson@hotmail.com";"(+81) 6317797177";"10 Main St";"Tokyo";"2025-03-27";"6379.01";"Japan"
"Liam Pettersson";"pettersson_liam@outlook.com";"(+66) 339740166";"289 Park Ave";"Chiang Mai";"2024-02-02";"nan EUR";"Thailand"
"Nils Persson";"persson_nils@yahoo.com";"(+81) 4268181";"263 Oak Road";"Osaka";"2022-11-29";"2440.30 EUR";"Japan"
"Nils Brown";"nils.brown@hotmail.com";"(+49) 679970246";"206 Main St";"Munich";"2022-04-21";"8175.69 USD";"Germany"
"Hugo Jones";"hugojones@bizmail.net";"(+55) 7272239";"145 Main St";"Sao Paulo";"2021-11-06";"4269.69";"Brazil"
"Leo Williams";"leowilliams@hotmail.com";"(+33) 4461767933";"260 King St";"Lyon";"2024-01-20";"8300.56";"France"
"Isabella Smith";"smith_isabella@gmail.com";"(+33) 9358895";"77 Elm Street";"Lyon";"2022-01-20";"5748.65 EUR";"France"
"Sophia Olsson";"sophia-olsson@outlook.com";"(+81) 21667467681";"68 Park Ave";"Osaka";"2024-02-09";"6787.15 EUR";"Japan"
"Ella Johnson";"ella-johnson@hotmail.com";"(+49) 832538149";"298 King St";"Munich";"2022-10-10";"4235.06 USD";"Germany"
"Ethan Johansson";"ethanjohansson@bizmail.net";"(+49) 8141413975";"52 Oak Road";"Munich";"2024-02-04";"5845.86 SEK";"Germany"
"Alma Andersson";"alma-andersson@gmail.com";"(+33) 18751097";"287 Baker St";"Paris";"2025-08-30";"3064.45 SEK";"France"
"Isabella Pettersson";"isabella-pettersson@gmail.com";"(+66) 80657875";"93 Main St";"Chiang Mai";"2021-02-14";"7670.75";"Thailand"
"Noah Gustafsson";"gustafsson_noah@company.co";"(+1) 68499515";"250 Elm Street";"Los Angeles";"2024-03-12";"6667.67";"USA"
"Olivia Andersson";"andersson_olivia@hotmail.com";"(+41) 189520284";"84 Main St";"Geneva";"2023-12-06";"9525.43 SEK";"Switzerland"
"Liam Pettersson";"pettersson_liam@company.co";"(+46) 5676618251";"66 Park Ave";"Göteborg";"2023-05-24";"4247.04";"Sweden"
"Liam Jones";"liamjones@company.co";"(+27) 2395041027";"273 Baker St";"Johannesburg";"2025-09-04";"9272.95 EUR";"South Africa"
"Klara Brown";"klarabrown@outlook.com";"(+55) 791452118";"128 Main St";"Sao Paulo";"2023-12-22";"4939.24 USD";"Brazil"
"Liam Persson";"liam.persson@company.co";"(+49) 405153195";"90 King St";"Berlin";"2025-06-05";"7764.14 EUR";"Germany"
"Sophia Svensson";"";"(+1) 85138544571";"300 Baker St";"New York";"2025-01-03";"nan EUR";"USA"
"Ethan Larsson";"larsson_ethan@bizmail.net";"(+27) 3721386";"27 Baker St";"Cape Town";"2023-06-10";"650.16";"South Africa"
"Klara Andersson";"klara-andersson@outlook.com";"(+33) 42253584";"283 Oak Road";"Paris";"2021-09-28";"1550.40 SEK";"France"
"Mia Johansson";"";"(+66) 2050614973";"150 Main St";"Chiang Mai";"2024-07-02";"5445.82 EUR";"Thailand"
"Noah Williams";"noah.williams@gmail.com";"(+1) 25012495";"124 Highway";"Los Angeles";"2024-10-22";"nan USD";"USA"
"Elin Eriksson";"elineriksson@yahoo.com";"(+81) 1896164";"205 Main St";"Tokyo";"2024-04-06";"2992.48 USD";"Japan"
"Hugo Brown";"hugo-brown@yahoo.com";"(+27) 6769915078";"7 Highway";"Johannesburg";"2021-03-07";"nan EUR";"South Africa"
"Astrid Karlsson";"astrid-karlsson@yahoo.com";"(+27) 8996986091";"51 Highway";"Cape Town";"2024-10-09";"3943.51 USD";"South Africa"
"Leo Johnson";"leo-johnson@bizmail.net";"(+27) 353537513";"186 Main St";"Johannesburg";"2024-10-03";"4194.31 EUR";"South Africa"
"Mia Brown";"";"(+46) 1190790346";"277 Baker St";"Göteborg";"2024-11-24";"5983.20 USD";"Sweden"
"Astrid Olsson";"astrid-olsson@hotmail.com";"(+49) 79103368";"108 Baker St";"Munich";"2023-08-12";"6492.63 EUR";"Germany"
"Hugo Olsson";"hugo.olsson@gmail.com";"(+55) 2278469";"163 Oak Road";"Rio de Janeiro";"2023-03-27";"3449.20";"Brazil"
"Sophia Johnson";"sophia-johnson@gmail.com";"(+27) 334817058";"211 Elm Street";"Johannesburg";"2021-03-07";"8658.34 EUR";"South Africa"
"Ella Svensson";"svensson_ella@bizmail.net";"(+55) 6923645";"189 Park Ave";"Rio de Janeiro";"2023-06-23";"3620.53 USD";"Brazil"
"Noah Johansson";"noah.johansson@bizmail.net";"(+55) 6470900";"192 Baker St";"Sao Paulo";"2021-11-15";"nan EUR";"Brazil"
"Emma Karlsson";"emma.karlsson@outlook.com";"(+1) 97585988";"23 Baker St";"Los Angeles";"2021-07-19";"5921.91 EUR";"USA"
"Hugo Smith";"hugo.smith@company.co";"(+1) 8595922481";"191 Highway";"Los Angeles";"2024-12-25";"9279.14 SEK";"USA"
"Oscar Larsson";"oscar-larsson@gmail.com";"(+66) 6139449";"26 Oak Road";"Chiang Mai";"2024-08-28";"6717.68";"Thailand"
"Olivia Olsson";"olivia.olsson@yahoo.com";"(+55) 038457655";"181 Oak Road";"Rio de Janeiro";"2025-05-07";"8787.99 USD";"Brazil"
"Emma Gustafsson";"emma-gustafsson@bizmail.net";"(+49) 0469472587";"136 King St";"Munich";"2024-04-21";"7568.56";"Germany"
"Noah Eriksson";"";"(+49) 7889255466";"172 Main St";"Munich";"2025-07-28";"6030.98";"Germany"
"Elin Larsson";"larsson_elin@bizmail.net";"(+66) 90458867";"80 Highway";"Bangkok";"2023-08-07";"nan EUR";"Thailand"
"Erik Johnson";"";"(+81) 4985172";"254 Baker St";"Osaka";"2022-02-06";"1850.71 EUR";"Japan"
"Lucas Nilsson";"nilsson_lucas@bizmail.net";"(+39) 04699013";"246 Baker St";"Rome";"2024-12-14";"7545.76 SEK";"Italy"
"Ethan Andersson";"ethan-andersson@gmail.com";"(+46) 16516231946";"298 King St";"Göteborg";"2021-06-25";"5847.42 EUR";"Sweden"
"Oscar Nilsson";"nilsson_oscar@yahoo.com";"(+39) 5107991183";"36 Baker St";"Rome";"2024-03-23";"nan USD";"Italy"
"Olivia Persson";"olivia-persson@outlook.com";"(+81) 2513412";"215 Highway";"Osaka";"2024-07-09";"nan EUR";"Japan"
"Oscar Larsson";"oscar.larsson@bizmail.net";"(+46) 262067246";"20 Main St";"Göteborg";"2023-06-05";"4944.19 EUR";"Sweden"
"Erik Svensson";"erik-svensson@yahoo.com";"(+81) 5777118381";"143 King St";"Tokyo";"2021-06-29";"1692.85";"Japan"
"Elin Karlsson";"karlsson_elin@company.co";"(+46) 08588770446";"50 Baker St";"Göteborg";"2021-12-23";"2139.62";"Sweden"
"Ethan Gustafsson";"ethan.gustafsson@yahoo.com";"(+39) 4973502080";"65 Park Ave";"Rome";"2022-09-18";"7996.63 EUR";"Italy"
"Nils Larsson";"nilslarsson@company.co";"(+27) 83206038";"5 Oak Road";"Johannesburg";"2021-05-18";"2389.29";"South Africa"
"Ethan Jones";"ethan-jones@hotmail.com";"(+81) 6032020";"293 Elm Street";"Tokyo";"2024-01-13";"2156.21 USD";"Japan"
"Nils Gustafsson";"nils-gustafsson@bizmail.net";"(+33) 3128196482";"224 Main St";"Paris";"2021-03-28";"7425.97 EUR";"France"
"Isabella Johansson";"isabella-johansson@yahoo.com";"(+33) 524508640333";"277 Main St";"Paris";"2024-10-30";"3821.04 USD";"France"
"Olivia Eriksson";"oliviaeriksson@company.co";"(+1) 145933272";"213 Park Ave";"Los Angeles";"2022-08-01";"5962.19 USD";"USA"
"Leo Gustafsson";"";"(+33) 982824674";"247 Main St";"Paris";"2020-10-26";"7306.38 USD";"France"
"Lucas Karlsson";"lucaskarlsson@outlook.com";"(+1) 4041209117";"135 Baker St";"Los Angeles";"2022-12-27";"229.35 EUR";"USA"
"Isabella Eriksson";"";"(+66) 542356778266";"293 Elm Street";"Chiang Mai";"2024-06-11";"1454.73";"Thailand"
"Alma Johansson";"alma-johansson@bizmail.net";"(+46) 13305319446";"216 Park Ave";"Stockholm";"2022-09-20";"8228.06 EUR";"Sweden"
"Noah Olsson";"noah-olsson@outlook.com";"(+1) 505415667";"255 Oak Road";"Los Angeles";"2021-03-28";"nan SEK";"USA"
"Ethan Andersson";"ethanandersson@bizmail.net";"(+81) 564814981";"185 Main St";"Osaka";"2021-05-16";"1162.18";"Japan"
"Klara Pettersson";"";"(+39) 9721811";"152 Oak Road";"Rome";"2022-10-25";"7388.02";"Italy"
"Emma Pettersson";"pettersson_emma@gmail.com";"(+49) 56588043";"176 Main St";"Munich";"2024-01-05";"nan EUR";"Germany"
"Oscar Johansson";"johansson_oscar@hotmail.com";"(+55) 4170805310";"11 Highway";"Sao Paulo";"2022-01-07";"7671.31 SEK";"Brazil"
"Ava Nilsson";"ava-nilsson@yahoo.com";"(+1) 7768634231";"202 Main St";"New York";"2024-11-04";"4467.12 SEK";"USA"
"Ethan Gustafsson";"ethan-gustafsson@bizmail.net";"(+33) 4870494787";"135 Oak Road";"Lyon";"2022-05-30";"9068.86";"France"
"Noah Larsson";"noahlarsson@hotmail.com";"(+66) 0339937";"59 Oak Road";"Bangkok";"2023-01-30";"8862.70 SEK";"Thailand"
"Ava Johnson";"avajohnson@hotmail.com";"(+46) 204380571";"115 Park Ave";"Göteborg";"2024-09-12";"479.33 EUR";"Sweden"
"Ella Olsson";"ella.olsson@bizmail.net";"(+81) 9038021";"38 Baker St";"Osaka";"2023-10-18";"nan USD";"Japan"
"Astrid Johnson";"astrid.johnson@yahoo.com";"(+27) 6117240";"184 Oak Road";"Johannesburg";"2021-10-21";"6098.82 SEK";"South Africa"
"Leo Jones";"jones_leo@company.co";"(+81) 4064930853";"128 Baker St";"Osaka";"2021-03-29";"5170.93 SEK";"Japan"
"Leo Pettersson";"leopettersson@company.co";"(+81) 6383615171";"148 Highway";"Osaka";"2023-05-11";"6873.60 EUR";"Japan"
"Elin Olsson";"elin-olsson@outlook.com";"(+55) 4348734714";"277 Main St";"Sao Paulo";"2021-02-26";"5430.69";"Brazil"
"Noah Pettersson";"";"(+81) 3536541951";"115 King St";"Osaka";"2025-08-26";"nan USD";"Japan"
"Olivia Nilsson";"olivia-nilsson@bizmail.net";"(+27) 052330276427";"12 Highway";"Cape Town";"2022-12-28";"7270.28 EUR";"South Africa"
"Elin Williams";"elin-williams@company.co";"(+81) 4932898027";"281 King St";"Osaka";"2023-10-30";"1712.63 USD";"Japan"
"Ethan Olsson";"ethan.olsson@outlook.com";"(+81) 0771199";"54 Baker St";"Osaka";"2022-08-06";"5063.91 EUR";"Japan"
"Leo Persson";"leo-persson@yahoo.com";"(+55) 7496903337";"194 Highway";"Rio de Janeiro";"2022-06-14";"2309.47 EUR";"Brazil"
"Hugo Larsson";"hugolarsson@company.co";"(+46) 4622522372";"109 Baker St";"Stockholm";"2025-09-07";"9130.58";"Sweden"
"Liam Olsson";"olsson_liam@hotmail.com";"(+33) 5061853";"19 Park Ave";"Lyon";"2022-11-01";"4706.45 EUR";"France"
"Emma Karlsson";"karlsson_emma@bizmail.net";"(+1) 5743748969";"192 Highway";"New York";"2021-02-25";"6409.54 USD";"USA"
"Oscar Pettersson";"";"(+33) 096105566";"6 Park Ave";"Lyon";"2023-12-18";"6980.71 USD";"France"
"Ava Jones";"avajones@gmail.com";"(+41) 7848728299";"289 Elm Street";"Zurich";"2023-10-28";"442418.00 USD";"Switzerland"
"Astrid Eriksson";"eriksson_astrid@yahoo.com";"(+33) 801006233";"5 Baker St";"Lyon";"2024-04-02";"167.16 SEK";"France"
"Alma Williams";"alma-williams@outlook.com";"(+66) 1845146";"135 Highway";"Bangkok";"2024-05-18";"1536.86 SEK";"Thailand"
"Klara Olsson";"olsson_klara@bizmail.net";"(+41) 973348434";"251 Oak Road";"Geneva";"2022-05-30";"5436.48";"Switzerland"
"Alma Johansson";"johansson_alma@hotmail.com";"(+27) 8496498";"166 Elm Street";"Cape Town";"2021-08-11";"3192.71";"South Africa"
"Sophia Williams";"sophia.williams@company.co";"(+1) 639855474";"108 Elm Street";"Los Angeles";"2020-10-22";"9015.44 EUR";"USA"
"Emma Williams";"williams_emma@bizmail.net";"(+46) 7844736";"81 Elm Street";"Göteborg";"2025-08-17";"9880.35";"Sweden"
"Ella Nilsson";"";"(+46) 959310341";"233 Park Ave";"Göteborg";"2024-09-24";"6095.22 SEK";"Sweden"
"Ethan Pettersson";"ethan-pettersson@bizmail.net";"(+55) 4737996";"94 Elm Street";"Sao Paulo";"2024-09-23";"5171.11";"Brazil"
"Liam Andersson";"liam.andersson@company.co";"(+66) 1898131292";"63 Main St";"Bangkok";"2025-07-27";"nan USD";"Thailand"
"Hugo Nilsson";"nilsson_hugo@outlook.com";"(+33) 991537038";"254 Baker St";"Paris";"2024-05-06";"2974.96 USD";"France"
"Emma Larsson";"emmalarsson@yahoo.com";"(+39) 775847457";"171 Highway";"Milan";"2021-06-05";"7284.87 USD";"Italy"
"Astrid Karlsson";"astridkarlsson@company.co";"(+55) 1465840455";"251 King St";"Sao Paulo";"2023-11-04";"3224.56 EUR";"Brazil"
"Erik Johnson";"erik.johnson@outlook.com";"(+49) 1379956";"118 King St";"Munich";"2021-12-01";"744.56";"Germany"
"Liam Smith";"smith_liam@yahoo.com";"(+55) 772625755";"37 Elm Street";"Rio de Janeiro";"2024-09-16";"7946.84 USD";"Brazil"
"Olivia Larsson";"olivialarsson@hotmail.com";"(+49) 3750606";"42 Oak Road";"Berlin";"2025-03-26";"2875.93 EUR";"Germany"
"Lucas Williams";"lucas-williams@hotmail.com";"(+1) 8063565";"130 Oak Road";"Los Angeles";"2024-08-11";"4138.15";"USA"
"Erik Gustafsson";"gustafsson_erik@company.co";"(+66) 4151488866";"117 Main St";"Chiang Mai";"2024-07-31";"7454.66 EUR";"Thailand"
"Astrid Williams";"astrid.williams@bizmail.net";"(+39) 98338167";"218 Baker St";"Rome";"2021-12-04";"nan USD";"Italy"
"Ethan Nilsson";"ethannilsson@company.co";"(+66) 83143598";"162 King St";"Bangkok";"2023-10-11";"4073.74 USD";"Thailand"
"Klara Karlsson";"karlsson_klara@outlook.com";"(+55) 1208780572";"142 Highway";"Sao Paulo";"2024-09-29";"2159.89 USD";"Brazil"
"Hugo Jones";"hugo-jones@outlook.com";"(+49) 63926495";"71 Highway";"Berlin";"2024-10-01";"4306.34";"Germany"
"Hugo Olsson";"hugoolsson@bizmail.net";"(+66) 1631599";"16 Park Ave";"Bangkok";"2022-11-25";"5862.89 USD";"Thailand"
"Nils Jones";"nilsjones@yahoo.com";"(+39) 285155339";"218 Oak Road";"Rome";"2021-06-27";"8676.65";"Italy"
"Mia Eriksson";"eriksson_mia@hotmail.com";"(+49) 117518649";"82 Elm Street";"Berlin";"2025-06-09";"nan EUR";"Germany"
"Oscar Andersson";"andersson_oscar@hotmail.com";"(+49) 2463351";"132 Main St";"Munich";"2021-01-05";"9851.44 USD";"Germany"
"Ava Karlsson";"ava.karlsson@gmail.com";"(+1) 1284971";"145 Highway";"New York";"2022-12-24";"7415.56 SEK";"USA"
"Ella Karlsson";"ella.karlsson@gmail.com";"(+27) 7058650";"37 King St";"Johannesburg";"2022-02-03";"1939.26 SEK";"South Africa"
"Erik Nilsson";"erik-nilsson@outlook.com";"(+41) 2324665136";"132 Park Ave";"Geneva";"2023-05-26";"4366.97";"Switzerland"
"Mia Jones";"mia.jones@outlook.com";"(+66) 335670860";"180 Park Ave";"Chiang Mai";"2024-12-21";"nan SEK";"Thailand"
"Ella Larsson";"ella.larsson@company.co";"(+49) 982474140";"64 Main St";"Munich";"2021-01-28";"8788.43";"Germany"
"Lucas Johnson";"johnson_lucas@gmail.com";"(+1) 9351187";"167 Highway";"New York";"2025-09-15";"3272.14 USD";"USA"
"Leo Karlsson";"karlsson_leo@hotmail.com";"(+66) 6870568566";"193 Baker St";"Chiang Mai";"2024-06-10";"9148.26 SEK";"Thailand"
"Ella Gustafsson";"gustafsson_ella@yahoo.com";"(+55) 89608706";"219 Highway";"Rio de Janeiro";"2022-11-10";"437088.00";"Brazil"
"Klara Olsson";"";"(+41) 973348434";"251 Oak Road";"Geneva";"2022-05-30";"5436.48";"Switzerland"
"Klara Eriksson";"klara-eriksson@yahoo.com";"(+66) 1539669583";"294 King St";"Bangkok";"2025-05-28";"9559.28";"Thailand"
"Alma Eriksson";"alma-eriksson@bizmail.net";"(+39) 937966039";"33 Highway";"Milan";"2023-05-13";"8627.74 USD";"Italy"
"Mia Svensson";"mia.svensson@yahoo.com";"(+27) 7756620";"56 Main St";"Johannesburg";"2021-09-16";"2126.98";"South Africa"
"Elin Johansson";"johansson_elin@yahoo.com";"(+66) 830945154";"18 Park Ave";"Bangkok";"2022-02-05";"5726.09 EUR";"Thailand"
"Oscar Johnson";"";"(+27) 832818268";"110 Park Ave";"Johannesburg";"2023-10-09";"8238.65 USD";"South Africa"
"Leo Olsson";"leoolsson@hotmail.com";"(+66) 032032074266";"254 Main St";"Chiang Mai";"2021-05-06";"nan USD";"Thailand"
"Liam Karlsson";"";"(+1) 242956334";"226 Oak Road";"Los Angeles";"2023-09-24";"6873.53 USD";"USA"
"Sophia Gustafsson";"";"(+33) 2268171516";"260 Elm Street";"Paris";"2023-03-02";"2593.90 USD";"France"
"Noah Larsson";"noah-larsson@outlook.com";"(+49) 1799313";"206 Oak Road";"Munich";"2025-03-30";"5934.92";"Germany"
"Mia Williams";"miawilliams@gmail.com";"(+27) 2896599";"243 Baker St";"Cape Town";"2021-08-14";"nan";"South Africa"
"Mia Svensson";"mia.svensson@gmail.com";"(+27) 2317955";"260 Oak Road";"Cape Town";"2025-04-20";"8576.36 USD";"South Africa"
"Elin Jones";"elin-jones@yahoo.com";"(+49) 20616329";"35 Main St";"Munich";"2023-05-14";"6234.35";"Germany"
"Ella Svensson";"ella-svensson@gmail.com";"(+33) 3691559";"138 Elm Street";"Lyon";"2023-02-23";"nan EUR";"France"
"Noah Johansson";"noah.johansson@bizmail.net";"(+27) 9212447174";"166 Oak Road";"Johannesburg";"2022-08-30";"8129.88";"South Africa"
"Klara Johnson";"";"(+39) 95590599";"253 Highway";"Milan";"2020-11-27";"3324.02";"Italy"
"Nils Olsson";"nilsolsson@company.co";"(+81) 905814770";"47 Highway";"Tokyo";"2024-12-09";"8100.06 USD";"Japan"
"Isabella Gustafsson";"gustafsson_isabella@yahoo.com";"(+55) 156277963";"210 Main St";"Sao Paulo";"2025-05-01";"2614.39 USD";"Brazil"
"Ethan Karlsson";"ethan.karlsson@yahoo.com";"(+81) 3953767";"288 Highway";"Tokyo";"2022-10-01";"918.19";"Japan"
"Isabella Larsson";"isabella.larsson@yahoo.com";"(+46) 325122572";"11 Baker St";"Stockholm";"2020-11-06";"4743.56";"Sweden"
"Lucas Williams";"williams_lucas@outlook.com";"(+66) 9665533";"141 Elm Street";"Bangkok";"2022-02-14";"188.18 SEK";"Thailand"
"Ethan Larsson";"ethan-larsson@yahoo.com";"(+46) 98454615";"116 Oak Road";"Stockholm";"2025-01-20";"3798.85";"Sweden"
"Ella Brown";"ellabrown@company.co";"(+41) 413432756";"252 Elm Street";"Geneva";"2025-05-24";"6987.84 SEK";"Switzerland"
"Oscar Johnson";"";"(+46) 156915452";"250 Park Ave";"Stockholm";"2024-03-27";"5893.61 EUR";"Sweden"
"Nils Andersson";"nils.andersson@outlook.com";"(+1) 52571509";"120 Highway";"New York";"2021-06-29";"nan";"USA"
"Nils Jones";"jones_nils@hotmail.com";"(+27) 97327021";"241 Park Ave";"Johannesburg";"2021-03-16";"nan EUR";"South Africa"
"Liam Johansson";"liam-johansson@gmail.com";"(+46) 6496935";"154 King St";"Stockholm";"2022-12-30";"4814.78";"Sweden"
"Ava Pettersson";"ava.pettersson@company.co";"(+55) 899358855";"128 Elm Street";"Rio de Janeiro";"2023-12-05";"6437.55 EUR";"Brazil"
"Sophia Gustafsson";"sophia-gustafsson@gmail.com";"(+46) 8466845";"271 Highway";"Göteborg";"2023-11-06";"6523.85";"Sweden"
"Elin Smith";"smith_elin@yahoo.com";"(+46) 93352904";"90 Main St";"Göteborg";"2020-11-19";"1276.32";"Sweden"
"Oscar Johansson";"johansson_oscar@yahoo.com";"(+55) 9356465193";"282 Main St";"Rio de Janeiro";"2022-06-06";"8479.40";"Brazil"
"Isabella Larsson";"";"(+55) 964016582";"225 Main St";"Sao Paulo";"2023-12-23";"6793.83 USD";"Brazil"
"Oscar Persson";"oscarpersson@company.co";"(+46) 711305548";"85 Elm Street";"Göteborg";"2024-03-22";"9302.86 EUR";"Sweden"
"Alma Andersson";"alma-andersson@company.co";"(+66) 27104054";"193 Baker St";"Chiang Mai";"2024-03-27";"nan EUR";"Thailand"
"Klara Olsson";"";"(+66) 852008943";"57 Park Ave";"Bangkok";"2021-01-23";"4492.88 SEK";"Thailand"
"Leo Nilsson";"leonilsson@outlook.com";"(+27) 6137150427";"192 Highway";"Cape Town";"2025-06-15";"nan SEK";"South Africa"
"Liam Persson";"persson_liam@bizmail.net";"(+55) 21993308355";"170 Park Ave";"Sao Paulo";"2021-09-06";"nan EUR";"Brazil"
"Sophia Smith";"sophiasmith@yahoo.com";"(+81) 257775478";"144 King St";"Tokyo";"2024-04-23";"8922.13 USD";"Japan"
"Sophia Williams";"";"(+55) 432927129655";"245 Elm Street";"Rio de Janeiro";"2022-08-08";"6770.71 EUR";"Brazil"
"Ava Jones";"ava.jones@outlook.com";"(+49) 69731121";"220 Oak Road";"Berlin";"2024-03-01";"2856.36";"Germany"
"Sophia Larsson";"sophia.larsson@hotmail.com";"(+49) 19314919";"190 Main St";"Munich";"2021-05-22";"nan EUR";"Germany"
"Emma Nilsson";"";"(+39) 690705626";"132 Main St";"Rome";"2022-03-25";"9522.13 USD";"Italy"
"Ethan Eriksson";"eriksson_ethan@yahoo.com";"(+55) 1586938";"215 Highway";"Sao Paulo";"2022-06-22";"8540.86 SEK";"Brazil"
"Isabella Karlsson";"isabellakarlsson@company.co";"(+39) 1302056";"95 Park Ave";"Rome";"2025-06-18";"4742.59 USD";"Italy"
"Ella Brown";"ella.brown@company.co";"(+33) 950050702";"269 Baker St";"Lyon";"2021-06-05";"4156.62";"France"
"Erik Andersson";"erik-andersson@outlook.com";"(+49) 9329981";"12 Oak Road";"Munich";"2022-11-15";"8836.29 SEK";"Germany"
